ID,Count
18288,647.9710145
18289,304.9275362
18290,365.9130435
18291,236.3188406
18292,175.3333333
18293,160.0869565
18294,190.5797101
18295,190.5797101
18296,320.173913
18297,388.7826087
18298,907.1594203
18299,754.6956522
18300,777.5652174
18301,663.2173913
18302,785.1884058
18303,663.2173913
18304,754.6956522
18305,693.7101449
18306,830.9275362
18307,777.5652174
18308,739.4492754
18309,617.4782609
18310,617.4782609
18311,640.3478261
18312,449.7681159
18313,358.2898551
18314,259.1884058
18315,282.057971
18316,190.5797101
18317,144.8405797
18318,221.0724638
18319,190.5797101
18320,297.3043478
18321,434.5217391
18322,495.5072464
18323,678.4637681
18324,785.1884058
18325,678.4637681
18326,708.9565217
18327,617.4782609
18328,693.7101449
18329,899.5362319
18330,625.1014493
18331,1234.956522
18332,983.3913043
18333,655.5942029
18334,586.9855072
18335,564.115942
18336,602.2318841
18337,480.2608696
18338,259.1884058
18339,259.1884058
18340,198.2028986
18341,160.0869565
18342,221.0724638
18343,304.9275362
18344,312.5507246
18345,411.6521739
18346,541.2463768
18347,609.8550725
18348,457.3913043
18349,465.0144928
18350,365.9130435
18351,419.2753623
18352,365.9130435
18353,388.7826087
18354,457.3913043
18355,381.1594203
18356,426.8985507
18357,419.2753623
18358,373.5362319
18359,388.7826087
18360,335.4202899
18361,259.1884058
18362,221.0724638
18363,152.4637681
18364,198.2028986
18365,160.0869565
18366,114.3478261
18367,99.10144928
18368,221.0724638
18369,175.3333333
18370,350.6666667
18371,274.4347826
18372,365.9130435
18373,297.3043478
18374,274.4347826
18375,274.4347826
18376,343.0434783
18377,282.057971
18378,426.8985507
18379,419.2753623
18380,335.4202899
18381,388.7826087
18382,343.0434783
18383,396.4057971
18384,312.5507246
18385,243.942029
18386,266.8115942
18387,121.9710145
18388,121.9710145
18389,160.0869565
18390,167.7101449
18391,274.4347826
18392,312.5507246
18393,472.6376812
18394,564.115942
18395,594.6086957
18396,686.0869565
18397,526
18398,686.0869565
18399,731.826087
18400,571.7391304
18401,670.8405797
18402,640.3478261
18403,632.7246377
18404,663.2173913
18405,625.1014493
18406,625.1014493
18407,655.5942029
18408,724.2028986
18409,419.2753623
18410,404.0289855
18411,251.5652174
18412,182.9565217
18413,190.5797101
18414,175.3333333
18415,190.5797101
18416,343.0434783
18417,571.7391304
18418,983.3913043
18419,914.7826087
18420,1021.507246
18421,998.6376812
18422,1112.985507
18423,1105.362319
18424,952.8985507
18425,991.0144928
18426,1036.753623
18427,1204.463768
18428,998.6376812
18429,1166.347826
18430,1082.492754
18431,914.7826087
18432,625.1014493
18433,396.4057971
18434,373.5362319
18435,358.2898551
18436,274.4347826
18437,335.4202899
18438,312.5507246
18439,365.9130435
18440,472.6376812
18441,465.0144928
18442,647.9710145
18443,693.7101449
18444,731.826087
18445,625.1014493
18446,632.7246377
18447,754.6956522
18448,594.6086957
18449,640.3478261
18450,724.2028986
18451,716.5797101
18452,708.9565217
18453,594.6086957
18454,655.5942029
18455,686.0869565
18456,663.2173913
18457,358.2898551
18458,404.0289855
18459,182.9565217
18460,251.5652174
18461,274.4347826
18462,259.1884058
18463,274.4347826
18464,381.1594203
18465,449.7681159
18466,541.2463768
18467,594.6086957
18468,655.5942029
18469,602.2318841
18470,701.3333333
18471,655.5942029
18472,465.0144928
18473,564.115942
18474,609.8550725
18475,777.5652174
18476,571.7391304
18477,556.4927536
18478,579.3623188
18479,510.7536232
18480,526
18481,320.173913
18482,236.3188406
18483,190.5797101
18484,221.0724638
18485,190.5797101
18486,160.0869565
18487,236.3188406
18488,251.5652174
18489,335.4202899
18490,434.5217391
18491,495.5072464
18492,510.7536232
18493,404.0289855
18494,510.7536232
18495,640.3478261
18496,556.4927536
18497,503.1304348
18498,586.9855072
18499,556.4927536
18500,472.6376812
18501,472.6376812
18502,312.5507246
18503,457.3913043
18504,343.0434783
18505,282.057971
18506,236.3188406
18507,152.4637681
18508,106.7246377
18509,121.9710145
18510,243.942029
18511,129.5942029
18512,144.8405797
18513,274.4347826
18514,243.942029
18515,327.7971014
18516,335.4202899
18517,182.9565217
18518,228.6956522
18519,198.2028986
18520,259.1884058
18521,243.942029
18522,426.8985507
18523,304.9275362
18524,228.6956522
18525,251.5652174
18526,312.5507246
18527,388.7826087
18528,304.9275362
18529,129.5942029
18530,121.9710145
18531,99.10144928
18532,121.9710145
18533,53.36231884
18534,121.9710145
18535,160.0869565
18536,167.7101449
18537,160.0869565
18538,182.9565217
18539,297.3043478
18540,282.057971
18541,175.3333333
18542,160.0869565
18543,182.9565217
18544,182.9565217
18545,137.2173913
18546,259.1884058
18547,213.4492754
18548,365.9130435
18549,266.8115942
18550,343.0434783
18551,243.942029
18552,221.0724638
18553,129.5942029
18554,213.4492754
18555,167.7101449
18556,121.9710145
18557,144.8405797
18558,152.4637681
18559,175.3333333
18560,228.6956522
18561,434.5217391
18562,663.2173913
18563,891.9130435
18564,762.3188406
18565,945.2753623
18566,838.5507246
18567,891.9130435
18568,754.6956522
18569,853.7971014
18570,739.4492754
18571,815.6811594
18572,808.057971
18573,747.0724638
18574,693.7101449
18575,609.8550725
18576,678.4637681
18577,465.0144928
18578,312.5507246
18579,289.6811594
18580,182.9565217
18581,190.5797101
18582,236.3188406
18583,190.5797101
18584,343.0434783
18585,404.0289855
18586,1318.811594
18587,1410.289855
18588,1204.463768
18589,930.0289855
18590,1097.73913
18591,952.8985507
18592,1067.246377
18593,1013.884058
18594,983.3913043
18595,823.3043478
18596,739.4492754
18597,907.1594203
18598,930.0289855
18599,853.7971014
18600,632.7246377
18601,487.884058
18602,396.4057971
18603,282.057971
18604,297.3043478
18605,221.0724638
18606,282.057971
18607,282.057971
18608,457.3913043
18609,617.4782609
18610,1029.130435
18611,769.942029
18612,830.9275362
18613,891.9130435
18614,853.7971014
18615,769.942029
18616,716.5797101
18617,769.942029
18618,724.2028986
18619,1112.985507
18620,1143.478261
18621,861.4202899
18622,678.4637681
18623,869.0434783
18624,640.3478261
18625,457.3913043
18626,312.5507246
18627,373.5362319
18628,259.1884058
18629,266.8115942
18630,312.5507246
18631,365.9130435
18632,381.1594203
18633,449.7681159
18634,663.2173913
18635,541.2463768
18636,716.5797101
18637,762.3188406
18638,823.3043478
18639,739.4492754
18640,777.5652174
18641,1044.376812
18642,1189.217391
18643,1059.623188
18644,1204.463768
18645,762.3188406
18646,884.2898551
18647,838.5507246
18648,846.173913
18649,670.8405797
18650,609.8550725
18651,358.2898551
18652,426.8985507
18653,442.1449275
18654,327.7971014
18655,304.9275362
18656,526
18657,564.115942
18658,1074.869565
18659,1120.608696
18660,960.5217391
18661,876.6666667
18662,960.5217391
18663,960.5217391
18664,792.8115942
18665,1044.376812
18666,830.9275362
18667,769.942029
18668,663.2173913
18669,708.9565217
18670,617.4782609
18671,884.2898551
18672,533.6231884
18673,609.8550725
18674,411.6521739
18675,243.942029
18676,259.1884058
18677,198.2028986
18678,137.2173913
18679,243.942029
18680,327.7971014
18681,304.9275362
18682,343.0434783
18683,449.7681159
18684,442.1449275
18685,411.6521739
18686,373.5362319
18687,426.8985507
18688,411.6521739
18689,320.173913
18690,304.9275362
18691,480.2608696
18692,518.3768116
18693,388.7826087
18694,350.6666667
18695,388.7826087
18696,465.0144928
18697,243.942029
18698,259.1884058
18699,609.8550725
18700,449.7681159
18701,297.3043478
18702,274.4347826
18703,312.5507246
18704,312.5507246
18705,373.5362319
18706,365.9130435
18707,381.1594203
18708,365.9130435
18709,503.1304348
18710,457.3913043
18711,381.1594203
18712,495.5072464
18713,373.5362319
18714,465.0144928
18715,609.8550725
18716,739.4492754
18717,647.9710145
18718,556.4927536
18719,343.0434783
18720,274.4347826
18721,251.5652174
18722,320.173913
18723,213.4492754
18724,175.3333333
18725,228.6956522
18726,274.4347826
18727,251.5652174
18728,449.7681159
18729,533.6231884
18730,640.3478261
18731,571.7391304
18732,876.6666667
18733,968.1449275
18734,800.4347826
18735,983.3913043
18736,952.8985507
18737,960.5217391
18738,922.4057971
18739,472.6376812
18740,1242.57971
18741,785.1884058
18742,777.5652174
18743,678.4637681
18744,785.1884058
18745,548.8695652
18746,442.1449275
18747,381.1594203
18748,373.5362319
18749,358.2898551
18750,289.6811594
18751,396.4057971
18752,343.0434783
18753,731.826087
18754,1013.884058
18755,1349.304348
18756,1196.84058
18757,930.0289855
18758,1234.956522
18759,1196.84058
18760,853.7971014
18761,1029.130435
18762,541.2463768
18763,640.3478261
18764,282.057971
18765,22.86956522
18766,632.7246377
18767,762.3188406
18768,411.6521739
18769,594.6086957
18770,419.2753623
18771,335.4202899
18772,266.8115942
18773,221.0724638
18774,343.0434783
18775,343.0434783
18776,472.6376812
18777,480.2608696
18778,586.9855072
18779,747.0724638
18780,769.942029
18781,930.0289855
18782,838.5507246
18783,655.5942029
18784,899.5362319
18785,1334.057971
18786,1196.84058
18787,1013.884058
18788,991.0144928
18789,724.2028986
18790,960.5217391
18791,678.4637681
18792,617.4782609
18793,503.1304348
18794,404.0289855
18795,472.6376812
18796,373.5362319
18797,282.057971
18798,274.4347826
18799,365.9130435
18800,457.3913043
18801,556.4927536
18802,716.5797101
18803,1052
18804,884.2898551
18805,991.0144928
18806,1067.246377
18807,724.2028986
18808,808.057971
18809,930.0289855
18810,846.173913
18811,1219.710145
18812,884.2898551
18813,785.1884058
18814,815.6811594
18815,861.4202899
18816,869.0434783
18817,541.2463768
18818,449.7681159
18819,419.2753623
18820,373.5362319
18821,251.5652174
18822,335.4202899
18823,297.3043478
18824,472.6376812
18825,510.7536232
18826,617.4782609
18827,762.3188406
18828,617.4782609
18829,701.3333333
18830,823.3043478
18831,716.5797101
18832,731.826087
18833,724.2028986
18834,747.0724638
18835,846.173913
18836,686.0869565
18837,708.9565217
18838,556.4927536
18839,586.9855072
18840,526
18841,373.5362319
18842,289.6811594
18843,282.057971
18844,213.4492754
18845,228.6956522
18846,152.4637681
18847,221.0724638
18848,266.8115942
18849,365.9130435
18850,289.6811594
18851,426.8985507
18852,312.5507246
18853,343.0434783
18854,251.5652174
18855,289.6811594
18856,228.6956522
18857,320.173913
18858,312.5507246
18859,373.5362319
18860,365.9130435
18861,503.1304348
18862,457.3913043
18863,358.2898551
18864,312.5507246
18865,213.4492754
18866,221.0724638
18867,106.7246377
18868,129.5942029
18869,205.826087
18870,182.9565217
18871,129.5942029
18872,182.9565217
18873,251.5652174
18874,190.5797101
18875,282.057971
18876,289.6811594
18877,243.942029
18878,327.7971014
18879,304.9275362
18880,297.3043478
18881,282.057971
18882,388.7826087
18883,335.4202899
18884,472.6376812
18885,472.6376812
18886,304.9275362
18887,365.9130435
18888,320.173913
18889,350.6666667
18890,205.826087
18891,160.0869565
18892,160.0869565
18893,236.3188406
18894,221.0724638
18895,266.8115942
18896,335.4202899
18897,449.7681159
18898,655.5942029
18899,922.4057971
18900,968.1449275
18901,1059.623188
18902,785.1884058
18903,853.7971014
18904,762.3188406
18905,869.0434783
18906,899.5362319
18907,937.6521739
18908,884.2898551
18909,678.4637681
18910,663.2173913
18911,678.4637681
18912,708.9565217
18913,541.2463768
18914,503.1304348
18915,304.9275362
18916,259.1884058
18917,144.8405797
18918,236.3188406
18919,190.5797101
18920,365.9130435
18921,434.5217391
18922,381.1594203
18923,808.057971
18924,739.4492754
18925,632.7246377
18926,655.5942029
18927,647.9710145
18928,647.9710145
18929,1562.753623
18930,1318.811594
18931,1204.463768
18932,1052
18933,983.3913043
18934,884.2898551
18935,907.1594203
18936,708.9565217
18937,510.7536232
18938,465.0144928
18939,404.0289855
18940,327.7971014
18941,274.4347826
18942,312.5507246
18943,274.4347826
18944,396.4057971
18945,457.3913043
18946,640.3478261
18947,754.6956522
18948,678.4637681
18949,853.7971014
18950,899.5362319
18951,762.3188406
18952,899.5362319
18953,777.5652174
18954,1067.246377
18955,830.9275362
18956,663.2173913
18957,747.0724638
18958,808.057971
18959,686.0869565
18960,556.4927536
18961,411.6521739
18962,419.2753623
18963,274.4347826
18964,274.4347826
18965,205.826087
18966,243.942029
18967,289.6811594
18968,419.2753623
18969,426.8985507
18970,602.2318841
18971,800.4347826
18972,876.6666667
18973,640.3478261
18974,686.0869565
18975,670.8405797
18976,609.8550725
18977,655.5942029
18978,808.057971
18979,891.9130435
18980,731.826087
18981,564.115942
18982,655.5942029
18983,640.3478261
18984,640.3478261
18985,404.0289855
18986,274.4347826
18987,282.057971
18988,198.2028986
18989,236.3188406
18990,213.4492754
18991,274.4347826
18992,251.5652174
18993,373.5362319
18994,594.6086957
18995,632.7246377
18996,701.3333333
18997,556.4927536
18998,541.2463768
18999,632.7246377
19000,617.4782609
19001,526
19002,480.2608696
19003,640.3478261
19004,594.6086957
19005,480.2608696
19006,426.8985507
19007,564.115942
19008,442.1449275
19009,396.4057971
19010,282.057971
19011,228.6956522
19012,114.3478261
19013,137.2173913
19014,121.9710145
19015,114.3478261
19016,144.8405797
19017,243.942029
19018,228.6956522
19019,259.1884058
19020,350.6666667
19021,274.4347826
19022,327.7971014
19023,289.6811594
19024,274.4347826
19025,320.173913
19026,510.7536232
19027,465.0144928
19028,548.8695652
19029,556.4927536
19030,404.0289855
19031,526
19032,449.7681159
19033,327.7971014
19034,259.1884058
19035,190.5797101
19036,190.5797101
19037,152.4637681
19038,167.7101449
19039,243.942029
19040,198.2028986
19041,259.1884058
19042,343.0434783
19043,304.9275362
19044,335.4202899
19045,312.5507246
19046,289.6811594
19047,297.3043478
19048,365.9130435
19049,518.3768116
19050,526
19051,388.7826087
19052,404.0289855
19053,457.3913043
19054,487.884058
19055,465.0144928
19056,350.6666667
19057,243.942029
19058,274.4347826
19059,198.2028986
19060,182.9565217
19061,205.826087
19062,297.3043478
19063,213.4492754
19064,312.5507246
19065,396.4057971
19066,678.4637681
19067,747.0724638
19068,899.5362319
19069,769.942029
19070,564.115942
19071,693.7101449
19072,792.8115942
19073,823.3043478
19074,952.8985507
19075,846.173913
19076,762.3188406
19077,701.3333333
19078,846.173913
19079,724.2028986
19080,579.3623188
19081,457.3913043
19082,381.1594203
19083,297.3043478
19084,251.5652174
19085,221.0724638
19086,320.173913
19087,304.9275362
19088,251.5652174
19089,586.9855072
19090,792.8115942
19091,869.0434783
19092,975.7681159
19093,853.7971014
19094,1052
19095,937.6521739
19096,876.6666667
19097,830.9275362
19098,724.2028986
19099,777.5652174
19100,846.173913
19101,747.0724638
19102,808.057971
19103,617.4782609
19104,647.9710145
19105,373.5362319
19106,343.0434783
19107,266.8115942
19108,243.942029
19109,160.0869565
19110,213.4492754
19111,350.6666667
19112,365.9130435
19113,457.3913043
19114,708.9565217
19115,968.1449275
19116,1090.115942
19117,777.5652174
19118,777.5652174
19119,830.9275362
19120,769.942029
19121,724.2028986
19122,785.1884058
19123,800.4347826
19124,724.2028986
19125,586.9855072
19126,640.3478261
19127,777.5652174
19128,564.115942
19129,426.8985507
19130,297.3043478
19131,274.4347826
19132,228.6956522
19133,175.3333333
19134,175.3333333
19135,228.6956522
19136,426.8985507
19137,442.1449275
19138,678.4637681
19139,602.2318841
19140,762.3188406
19141,815.6811594
19142,815.6811594
19143,617.4782609
19144,716.5797101
19145,716.5797101
19146,777.5652174
19147,701.3333333
19148,724.2028986
19149,632.7246377
19150,571.7391304
19151,617.4782609
19152,647.9710145
19153,594.6086957
19154,343.0434783
19155,335.4202899
19156,205.826087
19157,175.3333333
19158,182.9565217
19159,320.173913
19160,320.173913
19161,472.6376812
19162,930.0289855
19163,846.173913
19164,1036.753623
19165,708.9565217
19166,808.057971
19167,777.5652174
19168,716.5797101
19169,1006.26087
19170,792.8115942
19171,914.7826087
19172,785.1884058
19173,686.0869565
19174,655.5942029
19175,518.3768116
19176,602.2318841
19177,510.7536232
19178,327.7971014
19179,282.057971
19180,182.9565217
19181,175.3333333
19182,228.6956522
19183,205.826087
19184,304.9275362
19185,381.1594203
19186,564.115942
19187,518.3768116
19188,526
19189,449.7681159
19190,594.6086957
19191,404.0289855
19192,442.1449275
19193,419.2753623
19194,442.1449275
19195,327.7971014
19196,388.7826087
19197,411.6521739
19198,365.9130435
19199,373.5362319
19200,335.4202899
19201,243.942029
19202,144.8405797
19203,167.7101449
19204,137.2173913
19205,129.5942029
19206,175.3333333
19207,144.8405797
19208,205.826087
19209,282.057971
19210,495.5072464
19211,419.2753623
19212,350.6666667
19213,335.4202899
19214,259.1884058
19215,304.9275362
19216,236.3188406
19217,282.057971
19218,373.5362319
19219,480.2608696
19220,350.6666667
19221,381.1594203
19222,411.6521739
19223,381.1594203
19224,343.0434783
19225,312.5507246
19226,221.0724638
19227,129.5942029
19228,198.2028986
19229,137.2173913
19230,198.2028986
19231,205.826087
19232,304.9275362
19233,297.3043478
19234,602.2318841
19235,914.7826087
19236,914.7826087
19237,686.0869565
19238,754.6956522
19239,823.3043478
19240,899.5362319
19241,1112.985507
19242,1006.26087
19243,907.1594203
19244,937.6521739
19245,907.1594203
19246,762.3188406
19247,731.826087
19248,602.2318841
19249,609.8550725
19250,350.6666667
19251,297.3043478
19252,266.8115942
19253,236.3188406
19254,213.4492754
19255,388.7826087
19256,388.7826087
19257,579.3623188
19258,975.7681159
19259,1036.753623
19260,975.7681159
19261,754.6956522
19262,823.3043478
19263,716.5797101
19264,693.7101449
19265,747.0724638
19266,640.3478261
19267,769.942029
19268,739.4492754
19269,891.9130435
19270,952.8985507
19271,876.6666667
19272,922.4057971
19273,747.0724638
19274,526
19275,510.7536232
19276,335.4202899
19277,312.5507246
19278,266.8115942
19279,297.3043478
19280,365.9130435
19281,358.2898551
19282,640.3478261
19283,564.115942
19284,815.6811594
19285,663.2173913
19286,617.4782609
19287,686.0869565
19288,663.2173913
19289,983.3913043
19290,869.0434783
19291,960.5217391
19292,1044.376812
19293,914.7826087
19294,754.6956522
19295,800.4347826
19296,960.5217391
19297,808.057971
19298,541.2463768
19299,518.3768116
19300,419.2753623
19301,480.2608696
19302,396.4057971
19303,388.7826087
19304,480.2608696
19305,472.6376812
19306,670.8405797
19307,1158.724638
19308,1151.101449
19309,830.9275362
19310,853.7971014
19311,975.7681159
19312,876.6666667
19313,769.942029
19314,846.173913
19315,968.1449275
19316,747.0724638
19317,678.4637681
19318,884.2898551
19319,861.4202899
19320,952.8985507
19321,586.9855072
19322,449.7681159
19323,335.4202899
19324,289.6811594
19325,213.4492754
19326,266.8115942
19327,335.4202899
19328,304.9275362
19329,396.4057971
19330,419.2753623
19331,312.5507246
19332,335.4202899
19333,465.0144928
19334,465.0144928
19335,373.5362319
19336,457.3913043
19337,541.2463768
19338,609.8550725
19339,708.9565217
19340,564.115942
19341,556.4927536
19342,579.3623188
19343,526
19344,503.1304348
19345,297.3043478
19346,335.4202899
19347,182.9565217
19348,190.5797101
19349,152.4637681
19350,167.7101449
19351,259.1884058
19352,228.6956522
19353,213.4492754
19354,388.7826087
19355,358.2898551
19356,259.1884058
19357,404.0289855
19358,358.2898551
19359,381.1594203
19360,358.2898551
19361,251.5652174
19362,411.6521739
19363,404.0289855
19364,411.6521739
19365,526
19366,381.1594203
19367,442.1449275
19368,404.0289855
19369,304.9275362
19370,388.7826087
19371,259.1884058
19372,198.2028986
19373,175.3333333
19374,221.0724638
19375,190.5797101
19376,243.942029
19377,320.173913
19378,320.173913
19379,426.8985507
19380,388.7826087
19381,526
19382,434.5217391
19383,327.7971014
19384,365.9130435
19385,373.5362319
19386,404.0289855
19387,495.5072464
19388,396.4057971
19389,404.0289855
19390,526
19391,457.3913043
19392,480.2608696
19393,365.9130435
19394,251.5652174
19395,297.3043478
19396,167.7101449
19397,160.0869565
19398,297.3043478
19399,236.3188406
19400,251.5652174
19401,434.5217391
19402,541.2463768
19403,861.4202899
19404,1303.565217
19405,861.4202899
19406,922.4057971
19407,1074.869565
19408,808.057971
19409,1036.753623
19410,1204.463768
19411,1128.231884
19412,1052
19413,1013.884058
19414,876.6666667
19415,1082.492754
19416,930.0289855
19417,739.4492754
19418,556.4927536
19419,480.2608696
19420,350.6666667
19421,335.4202899
19422,198.2028986
19423,343.0434783
19424,381.1594203
19425,487.884058
19426,708.9565217
19427,617.4782609
19428,991.0144928
19429,708.9565217
19430,762.3188406
19431,22.86956522
19432,7.623188406
19433,15.24637681
19434,15.24637681
19435,503.1304348
19436,1036.753623
19437,823.3043478
19438,716.5797101
19439,701.3333333
19440,533.6231884
19441,625.1014493
19442,480.2608696
19443,266.8115942
19444,251.5652174
19445,175.3333333
19446,259.1884058
19447,243.942029
19448,358.2898551
19449,609.8550725
19450,899.5362319
19451,899.5362319
19452,1128.231884
19453,815.6811594
19454,960.5217391
19455,952.8985507
19456,808.057971
19457,945.2753623
19458,907.1594203
19459,891.9130435
19460,861.4202899
19461,899.5362319
19462,716.5797101
19463,800.4347826
19464,716.5797101
19465,678.4637681
19466,480.2608696
19467,411.6521739
19468,266.8115942
19469,350.6666667
19470,396.4057971
19471,358.2898551
19472,411.6521739
19473,480.2608696
19474,617.4782609
19475,655.5942029
19476,815.6811594
19477,564.115942
19478,686.0869565
19479,861.4202899
19480,602.2318841
19481,670.8405797
19482,838.5507246
19483,869.0434783
19484,876.6666667
19485,747.0724638
19486,975.7681159
19487,846.173913
19488,769.942029
19489,579.3623188
19490,404.0289855
19491,213.4492754
19492,7.623188406
19493,7.623188406
19494,7.623188406
19495,7.623188406
19496,30.49275362
19497,495.5072464
19498,526
19499,655.5942029
19500,846.173913
19501,701.3333333
19502,617.4782609
19503,640.3478261
19504,541.2463768
19505,564.115942
19506,670.8405797
19507,533.6231884
19508,510.7536232
19509,449.7681159
19510,617.4782609
19511,655.5942029
19512,480.2608696
19513,381.1594203
19514,282.057971
19515,228.6956522
19516,251.5652174
19517,121.9710145
19518,152.4637681
19519,152.4637681
19520,282.057971
19521,304.9275362
19522,358.2898551
19523,335.4202899
19524,465.0144928
19525,266.8115942
19526,335.4202899
19527,350.6666667
19528,297.3043478
19529,335.4202899
19530,335.4202899
19531,381.1594203
19532,358.2898551
19533,343.0434783
19534,259.1884058
19535,289.6811594
19536,274.4347826
19537,198.2028986
19538,221.0724638
19539,236.3188406
19540,167.7101449
19541,114.3478261
19542,221.0724638
19543,251.5652174
19544,236.3188406
19545,274.4347826
19546,320.173913
19547,365.9130435
19548,510.7536232
19549,304.9275362
19550,350.6666667
19551,358.2898551
19552,350.6666667
19553,274.4347826
19554,350.6666667
19555,388.7826087
19556,297.3043478
19557,411.6521739
19558,343.0434783
19559,381.1594203
19560,388.7826087
19561,236.3188406
19562,213.4492754
19563,190.5797101
19564,129.5942029
19565,221.0724638
19566,236.3188406
19567,160.0869565
19568,243.942029
19569,411.6521739
19570,609.8550725
19571,503.1304348
19572,800.4347826
19573,884.2898551
19574,869.0434783
19575,983.3913043
19576,884.2898551
19577,914.7826087
19578,869.0434783
19579,1006.26087
19580,869.0434783
19581,861.4202899
19582,830.9275362
19583,899.5362319
19584,747.0724638
19585,480.2608696
19586,465.0144928
19587,373.5362319
19588,213.4492754
19589,327.7971014
19590,289.6811594
19591,335.4202899
19592,434.5217391
19593,526
19594,754.6956522
19595,800.4347826
19596,830.9275362
19597,655.5942029
19598,754.6956522
19599,747.0724638
19600,731.826087
19601,808.057971
19602,983.3913043
19603,701.3333333
19604,739.4492754
19605,647.9710145
19606,647.9710145
19607,495.5072464
19608,579.3623188
19609,487.884058
19610,434.5217391
19611,274.4347826
19612,152.4637681
19613,205.826087
19614,243.942029
19615,251.5652174
19616,312.5507246
19617,350.6666667
19618,503.1304348
19619,571.7391304
19620,823.3043478
19621,701.3333333
19622,830.9275362
19623,747.0724638
19624,769.942029
19625,762.3188406
19626,815.6811594
19627,952.8985507
19628,876.6666667
19629,686.0869565
19630,632.7246377
19631,678.4637681
19632,625.1014493
19633,594.6086957
19634,404.0289855
19635,205.826087
19636,190.5797101
19637,190.5797101
19638,236.3188406
19639,327.7971014
19640,251.5652174
19641,404.0289855
19642,617.4782609
19643,785.1884058
19644,762.3188406
19645,731.826087
19646,861.4202899
19647,792.8115942
19648,830.9275362
19649,853.7971014
19650,2393.681159
19651,1593.246377
19652,930.0289855
19653,846.173913
19654,838.5507246
19655,739.4492754
19656,655.5942029
19657,693.7101449
19658,579.3623188
19659,251.5652174
19660,259.1884058
19661,251.5652174
19662,365.9130435
19663,282.057971
19664,327.7971014
19665,426.8985507
19666,396.4057971
19667,510.7536232
19668,548.8695652
19669,564.115942
19670,541.2463768
19671,609.8550725
19672,586.9855072
19673,510.7536232
19674,609.8550725
19675,602.2318841
19676,609.8550725
19677,594.6086957
19678,564.115942
19679,518.3768116
19680,472.6376812
19681,297.3043478
19682,236.3188406
19683,198.2028986
19684,221.0724638
19685,121.9710145
19686,167.7101449
19687,160.0869565
19688,175.3333333
19689,289.6811594
19690,304.9275362
19691,365.9130435
19692,472.6376812
19693,274.4347826
19694,304.9275362
19695,243.942029
19696,221.0724638
19697,411.6521739
19698,304.9275362
19699,312.5507246
19700,404.0289855
19701,335.4202899
19702,487.884058
19703,442.1449275
19704,297.3043478
19705,289.6811594
19706,343.0434783
19707,586.9855072
19708,487.884058
19709,411.6521739
19710,442.1449275
19711,404.0289855
19712,526
19713,495.5072464
19714,472.6376812
19715,579.3623188
19716,457.3913043
19717,465.0144928
19718,571.7391304
19719,465.0144928
19720,495.5072464
19721,556.4927536
19722,541.2463768
19723,686.0869565
19724,609.8550725
19725,526
19726,526
19727,449.7681159
19728,419.2753623
19729,289.6811594
19730,350.6666667
19731,190.5797101
19732,182.9565217
19733,152.4637681
19734,236.3188406
19735,327.7971014
19736,274.4347826
19737,365.9130435
19738,465.0144928
19739,594.6086957
19740,884.2898551
19741,556.4927536
19742,823.3043478
19743,922.4057971
19744,769.942029
19745,998.6376812
19746,800.4347826
19747,655.5942029
19748,701.3333333
19749,526
19750,487.884058
19751,510.7536232
19752,358.2898551
19753,327.7971014
19754,320.173913
19755,449.7681159
19756,251.5652174
19757,190.5797101
19758,320.173913
19759,327.7971014
19760,327.7971014
19761,465.0144928
19762,930.0289855
19763,960.5217391
19764,1067.246377
19765,853.7971014
19766,1166.347826
19767,1181.594203
19768,1074.869565
19769,1166.347826
19770,1334.057971
19771,1105.362319
19772,1067.246377
19773,952.8985507
19774,960.5217391
19775,1013.884058
19776,785.1884058
19777,693.7101449
19778,594.6086957
19779,388.7826087
19780,381.1594203
19781,327.7971014
19782,350.6666667
19783,358.2898551
19784,404.0289855
19785,457.3913043
19786,655.5942029
19787,602.2318841
19788,869.0434783
19789,686.0869565
19790,945.2753623
19791,701.3333333
19792,838.5507246
19793,1006.26087
19794,1013.884058
19795,1143.478261
19796,846.173913
19797,800.4347826
19798,724.2028986
19799,907.1594203
19800,808.057971
19801,586.9855072
19802,571.7391304
19803,343.0434783
19804,221.0724638
19805,228.6956522
19806,320.173913
19807,396.4057971
19808,487.884058
19809,526
19810,968.1449275
19811,846.173913
19812,914.7826087
19813,792.8115942
19814,907.1594203
19815,686.0869565
19816,815.6811594
19817,869.0434783
19818,998.6376812
19819,754.6956522
19820,1120.608696
19821,1036.753623
19822,899.5362319
19823,769.942029
19824,922.4057971
19825,564.115942
19826,373.5362319
19827,442.1449275
19828,282.057971
19829,312.5507246
19830,304.9275362
19831,343.0434783
19832,426.8985507
19833,434.5217391
19834,556.4927536
19835,564.115942
19836,701.3333333
19837,663.2173913
19838,739.4492754
19839,617.4782609
19840,846.173913
19841,769.942029
19842,846.173913
19843,937.6521739
19844,846.173913
19845,708.9565217
19846,609.8550725
19847,541.2463768
19848,1090.115942
19849,701.3333333
19850,548.8695652
19851,320.173913
19852,289.6811594
19853,274.4347826
19854,175.3333333
19855,289.6811594
19856,327.7971014
19857,266.8115942
19858,381.1594203
19859,312.5507246
19860,541.2463768
19861,289.6811594
19862,404.0289855
19863,526
19864,465.0144928
19865,495.5072464
19866,350.6666667
19867,487.884058
19868,472.6376812
19869,449.7681159
19870,404.0289855
19871,465.0144928
19872,419.2753623
19873,327.7971014
19874,274.4347826
19875,228.6956522
19876,144.8405797
19877,167.7101449
19878,182.9565217
19879,182.9565217
19880,259.1884058
19881,213.4492754
19882,289.6811594
19883,312.5507246
19884,327.7971014
19885,434.5217391
19886,426.8985507
19887,335.4202899
19888,373.5362319
19889,350.6666667
19890,404.0289855
19891,510.7536232
19892,411.6521739
19893,396.4057971
19894,465.0144928
19895,533.6231884
19896,571.7391304
19897,289.6811594
19898,228.6956522
19899,221.0724638
19900,152.4637681
19901,198.2028986
19902,228.6956522
19903,274.4347826
19904,251.5652174
19905,449.7681159
19906,579.3623188
19907,777.5652174
19908,731.826087
19909,998.6376812
19910,1052
19911,968.1449275
19912,853.7971014
19913,945.2753623
19914,1021.507246
19915,1044.376812
19916,1006.26087
19917,853.7971014
19918,1044.376812
19919,663.2173913
19920,800.4347826
19921,769.942029
19922,663.2173913
19923,480.2608696
19924,343.0434783
19925,282.057971
19926,289.6811594
19927,304.9275362
19928,510.7536232
19929,411.6521739
19930,457.3913043
19931,1334.057971
19932,1219.710145
19933,1196.84058
19934,1143.478261
19935,1082.492754
19936,1097.73913
19937,2111.623188
19938,1821.942029
19939,1829.565217
19940,1547.507246
19941,1295.942029
19942,1326.434783
19943,1257.826087
19944,1135.855072
19945,983.3913043
19946,609.8550725
19947,564.115942
19948,411.6521739
19949,365.9130435
19950,434.5217391
19951,495.5072464
19952,526
19953,556.4927536
19954,800.4347826
19955,937.6521739
19956,891.9130435
19957,914.7826087
19958,922.4057971
19959,998.6376812
19960,945.2753623
19961,991.0144928
19962,968.1449275
19963,968.1449275
19964,1151.101449
19965,1013.884058
19966,930.0289855
19967,838.5507246
19968,769.942029
19969,579.3623188
19970,701.3333333
19971,419.2753623
19972,396.4057971
19973,274.4347826
19974,442.1449275
19975,396.4057971
19976,350.6666667
19977,434.5217391
19978,1021.507246
19979,1151.101449
19980,1059.623188
19981,1052
19982,1059.623188
19983,884.2898551
19984,1105.362319
19985,1204.463768
19986,899.5362319
19987,1166.347826
19988,960.5217391
19989,914.7826087
19990,930.0289855
19991,686.0869565
19992,777.5652174
19993,830.9275362
19994,647.9710145
19995,442.1449275
19996,343.0434783
19997,327.7971014
19998,327.7971014
19999,358.2898551
20000,487.884058
20001,609.8550725
20002,762.3188406
20003,808.057971
20004,1120.608696
20005,693.7101449
20006,960.5217391
20007,891.9130435
20008,1029.130435
20009,1036.753623
20010,1044.376812
20011,754.6956522
20012,815.6811594
20013,716.5797101
20014,846.173913
20015,739.4492754
20016,571.7391304
20017,518.3768116
20018,373.5362319
20019,266.8115942
20020,205.826087
20021,236.3188406
20022,182.9565217
20023,243.942029
20024,167.7101449
20025,312.5507246
20026,350.6666667
20027,312.5507246
20028,472.6376812
20029,358.2898551
20030,381.1594203
20031,373.5362319
20032,297.3043478
20033,358.2898551
20034,396.4057971
20035,426.8985507
20036,579.3623188
20037,556.4927536
20038,465.0144928
20039,526
20040,442.1449275
20041,266.8115942
20042,289.6811594
20043,266.8115942
20044,190.5797101
20045,167.7101449
20046,198.2028986
20047,144.8405797
20048,304.9275362
20049,236.3188406
20050,251.5652174
20051,312.5507246
20052,365.9130435
20053,381.1594203
20054,350.6666667
20055,327.7971014
20056,693.7101449
20057,663.2173913
20058,518.3768116
20059,548.8695652
20060,564.115942
20061,571.7391304
20062,579.3623188
20063,564.115942
20064,510.7536232
20065,472.6376812
20066,404.0289855
20067,297.3043478
20068,259.1884058
20069,266.8115942
20070,335.4202899
20071,404.0289855
20072,541.2463768
20073,510.7536232
20074,922.4057971
20075,914.7826087
20076,1120.608696
20077,891.9130435
20078,1166.347826
20079,899.5362319
20080,952.8985507
20081,952.8985507
20082,930.0289855
20083,991.0144928
20084,876.6666667
20085,853.7971014
20086,617.4782609
20087,655.5942029
20088,617.4782609
20089,465.0144928
20090,388.7826087
20091,304.9275362
20092,259.1884058
20093,297.3043478
20094,221.0724638
20095,304.9275362
20096,297.3043478
20097,586.9855072
20098,647.9710145
20099,815.6811594
20100,686.0869565
20101,747.0724638
20102,785.1884058
20103,884.2898551
20104,731.826087
20105,945.2753623
20106,830.9275362
20107,1021.507246
20108,960.5217391
20109,617.4782609
20110,663.2173913
20111,594.6086957
20112,693.7101449
20113,556.4927536
20114,396.4057971
20115,381.1594203
20116,175.3333333
20117,304.9275362
20118,259.1884058
20119,304.9275362
20120,343.0434783
20121,426.8985507
20122,1151.101449
20123,1029.130435
20124,1006.26087
20125,952.8985507
20126,1120.608696
20127,1151.101449
20128,1196.84058
20129,1074.869565
20130,1044.376812
20131,1112.985507
20132,907.1594203
20133,952.8985507
20134,876.6666667
20135,907.1594203
20136,861.4202899
20137,670.8405797
20138,373.5362319
20139,259.1884058
20140,144.8405797
20141,289.6811594
20142,312.5507246
20143,320.173913
20144,388.7826087
20145,480.2608696
20146,1387.42029
20147,1433.15942
20148,1196.84058
20149,1013.884058
20150,983.3913043
20151,968.1449275
20152,945.2753623
20153,1013.884058
20154,983.3913043
20155,823.3043478
20156,861.4202899
20157,846.173913
20158,846.173913
20159,785.1884058
20160,708.9565217
20161,647.9710145
20162,510.7536232
20163,266.8115942
20164,251.5652174
20165,236.3188406
20166,274.4347826
20167,289.6811594
20168,343.0434783
20169,358.2898551
20170,647.9710145
20171,769.942029
20172,838.5507246
20173,594.6086957
20174,754.6956522
20175,739.4492754
20176,747.0724638
20177,884.2898551
20178,693.7101449
20179,922.4057971
20180,632.7246377
20181,579.3623188
20182,647.9710145
20183,472.6376812
20184,411.6521739
20185,373.5362319
20186,343.0434783
20187,251.5652174
20188,190.5797101
20189,152.4637681
20190,129.5942029
20191,167.7101449
20192,160.0869565
20193,282.057971
20194,282.057971
20195,327.7971014
20196,381.1594203
20197,365.9130435
20198,381.1594203
20199,350.6666667
20200,350.6666667
20201,510.7536232
20202,609.8550725
20203,564.115942
20204,343.0434783
20205,411.6521739
20206,518.3768116
20207,396.4057971
20208,480.2608696
20209,365.9130435
20210,236.3188406
20211,236.3188406
20212,259.1884058
20213,152.4637681
20214,137.2173913
20215,259.1884058
20216,243.942029
20217,297.3043478
20218,472.6376812
20219,327.7971014
20220,419.2753623
20221,396.4057971
20222,434.5217391
20223,350.6666667
20224,404.0289855
20225,747.0724638
20226,594.6086957
20227,762.3188406
20228,655.5942029
20229,716.5797101
20230,724.2028986
20231,701.3333333
20232,708.9565217
20233,465.0144928
20234,480.2608696
20235,343.0434783
20236,365.9130435
20237,396.4057971
20238,350.6666667
20239,426.8985507
20240,503.1304348
20241,655.5942029
20242,846.173913
20243,1044.376812
20244,1234.956522
20245,968.1449275
20246,1204.463768
20247,1097.73913
20248,1112.985507
20249,1273.072464
20250,1204.463768
20251,1280.695652
20252,1173.971014
20253,1013.884058
20254,1021.507246
20255,846.173913
20256,663.2173913
20257,571.7391304
20258,495.5072464
20259,411.6521739
20260,297.3043478
20261,282.057971
20262,274.4347826
20263,259.1884058
20264,343.0434783
20265,586.9855072
20266,800.4347826
20267,968.1449275
20268,884.2898551
20269,952.8985507
20270,907.1594203
20271,1067.246377
20272,1036.753623
20273,1105.362319
20274,907.1594203
20275,1074.869565
20276,792.8115942
20277,823.3043478
20278,838.5507246
20279,838.5507246
20280,708.9565217
20281,632.7246377
20282,503.1304348
20283,510.7536232
20284,419.2753623
20285,373.5362319
20286,487.884058
20287,457.3913043
20288,602.2318841
20289,777.5652174
20290,800.4347826
20291,884.2898551
20292,853.7971014
20293,800.4347826
20294,1059.623188
20295,899.5362319
20296,808.057971
20297,838.5507246
20298,1181.594203
20299,998.6376812
20300,891.9130435
20301,823.3043478
20302,808.057971
20303,823.3043478
20304,708.9565217
20305,571.7391304
20306,426.8985507
20307,388.7826087
20308,282.057971
20309,335.4202899
20310,205.826087
20311,304.9275362
20312,350.6666667
20313,678.4637681
20314,716.5797101
20315,808.057971
20316,983.3913043
20317,815.6811594
20318,846.173913
20319,769.942029
20320,914.7826087
20321,968.1449275
20322,952.8985507
20323,1234.956522
20324,884.2898551
20325,830.9275362
20326,754.6956522
20327,823.3043478
20328,518.3768116
20329,457.3913043
20330,381.1594203
20331,358.2898551
20332,266.8115942
20333,213.4492754
20334,282.057971
20335,274.4347826
20336,289.6811594
20337,495.5072464
20338,503.1304348
20339,655.5942029
20340,930.0289855
20341,670.8405797
20342,640.3478261
20343,686.0869565
20344,716.5797101
20345,663.2173913
20346,747.0724638
20347,846.173913
20348,670.8405797
20349,564.115942
20350,739.4492754
20351,670.8405797
20352,594.6086957
20353,396.4057971
20354,266.8115942
20355,259.1884058
20356,175.3333333
20357,175.3333333
20358,228.6956522
20359,282.057971
20360,228.6956522
20361,190.5797101
20362,243.942029
20363,381.1594203
20364,259.1884058
20365,228.6956522
20366,358.2898551
20367,388.7826087
20368,419.2753623
20369,289.6811594
20370,426.8985507
20371,404.0289855
20372,396.4057971
20373,343.0434783
20374,381.1594203
20375,259.1884058
20376,327.7971014
20377,243.942029
20378,205.826087
20379,205.826087
20380,182.9565217
20381,160.0869565
20382,83.85507246
20383,167.7101449
20384,175.3333333
20385,335.4202899
20386,274.4347826
20387,343.0434783
20388,350.6666667
20389,343.0434783
20390,365.9130435
20391,289.6811594
20392,373.5362319
20393,289.6811594
20394,304.9275362
20395,396.4057971
20396,495.5072464
20397,312.5507246
20398,472.6376812
20399,396.4057971
20400,465.0144928
20401,381.1594203
20402,289.6811594
20403,205.826087
20404,228.6956522
20405,137.2173913
20406,213.4492754
20407,213.4492754
20408,350.6666667
20409,487.884058
20410,769.942029
20411,777.5652174
20412,945.2753623
20413,686.0869565
20414,930.0289855
20415,861.4202899
20416,853.7971014
20417,747.0724638
20418,739.4492754
20419,785.1884058
20420,701.3333333
20421,747.0724638
20422,678.4637681
20423,686.0869565
20424,586.9855072
20425,503.1304348
20426,358.2898551
20427,251.5652174
20428,243.942029
20429,160.0869565
20430,274.4347826
20431,312.5507246
20432,221.0724638
20433,388.7826087
20434,465.0144928
20435,625.1014493
20436,808.057971
20437,647.9710145
20438,731.826087
20439,663.2173913
20440,564.115942
20441,693.7101449
20442,609.8550725
20443,777.5652174
20444,526
20445,640.3478261
20446,640.3478261
20447,495.5072464
20448,617.4782609
20449,388.7826087
20450,312.5507246
20451,282.057971
20452,243.942029
20453,106.7246377
20454,304.9275362
20455,266.8115942
20456,236.3188406
20457,465.0144928
20458,747.0724638
20459,762.3188406
20460,823.3043478
20461,792.8115942
20462,731.826087
20463,747.0724638
20464,655.5942029
20465,861.4202899
20466,975.7681159
20467,884.2898551
20468,731.826087
20469,762.3188406
20470,625.1014493
20471,686.0869565
20472,701.3333333
20473,541.2463768
20474,533.6231884
20475,373.5362319
20476,243.942029
20477,259.1884058
20478,320.173913
20479,251.5652174
20480,503.1304348
20481,457.3913043
20482,457.3913043
20483,449.7681159
20484,495.5072464
20485,564.115942
20486,586.9855072
20487,640.3478261
20488,495.5072464
20489,579.3623188
20490,747.0724638
20491,777.5652174
20492,769.942029
20493,693.7101449
20494,724.2028986
20495,701.3333333
20496,640.3478261
20497,647.9710145
20498,564.115942
20499,548.8695652
20500,396.4057971
20501,350.6666667
20502,343.0434783
20503,350.6666667
20504,381.1594203
20505,465.0144928
20506,518.3768116
20507,617.4782609
20508,586.9855072
20509,693.7101449
20510,548.8695652
20511,724.2028986
20512,579.3623188
20513,693.7101449
20514,785.1884058
20515,907.1594203
20516,945.2753623
20517,663.2173913
20518,1151.101449
20519,640.3478261
20520,777.5652174
20521,739.4492754
20522,647.9710145
20523,487.884058
20524,221.0724638
20525,266.8115942
20526,259.1884058
20527,236.3188406
20528,358.2898551
20529,388.7826087
20530,465.0144928
20531,503.1304348
20532,556.4927536
20533,579.3623188
20534,510.7536232
20535,495.5072464
20536,495.5072464
20537,716.5797101
20538,365.9130435
20539,556.4927536
20540,541.2463768
20541,442.1449275
20542,533.6231884
20543,609.8550725
20544,449.7681159
20545,426.8985507
20546,327.7971014
20547,221.0724638
20548,266.8115942
20549,198.2028986
20550,175.3333333
20551,312.5507246
20552,289.6811594
20553,251.5652174
20554,388.7826087
20555,396.4057971
20556,320.173913
20557,419.2753623
20558,472.6376812
20559,350.6666667
20560,350.6666667
20561,373.5362319
20562,442.1449275
20563,465.0144928
20564,381.1594203
20565,411.6521739
20566,670.8405797
20567,518.3768116
20568,556.4927536
20569,396.4057971
20570,335.4202899
20571,373.5362319
20572,221.0724638
20573,228.6956522
20574,289.6811594
20575,251.5652174
20576,404.0289855
20577,373.5362319
20578,526
20579,1318.811594
20580,1105.362319
20581,1105.362319
20582,1151.101449
20583,1067.246377
20584,1090.115942
20585,1120.608696
20586,1349.304348
20587,1318.811594
20588,1334.057971
20589,1036.753623
20590,899.5362319
20591,930.0289855
20592,952.8985507
20593,808.057971
20594,731.826087
20595,495.5072464
20596,373.5362319
20597,358.2898551
20598,404.0289855
20599,449.7681159
20600,526
20601,670.8405797
20602,632.7246377
20603,884.2898551
20604,1090.115942
20605,922.4057971
20606,808.057971
20607,968.1449275
20608,937.6521739
20609,945.2753623
20610,869.0434783
20611,1090.115942
20612,975.7681159
20613,869.0434783
20614,823.3043478
20615,937.6521739
20616,747.0724638
20617,663.2173913
20618,510.7536232
20619,442.1449275
20620,282.057971
20621,274.4347826
20622,312.5507246
20623,426.8985507
20624,541.2463768
20625,548.8695652
20626,800.4347826
20627,899.5362319
20628,1052
20629,907.1594203
20630,823.3043478
20631,1006.26087
20632,960.5217391
20633,952.8985507
20634,914.7826087
20635,876.6666667
20636,754.6956522
20637,762.3188406
20638,907.1594203
20639,846.173913
20640,724.2028986
20641,518.3768116
20642,526
20643,373.5362319
20644,388.7826087
20645,274.4347826
20646,259.1884058
20647,289.6811594
20648,487.884058
20649,579.3623188
20650,632.7246377
20651,853.7971014
20652,792.8115942
20653,739.4492754
20654,945.2753623
20655,747.0724638
20656,762.3188406
20657,815.6811594
20658,876.6666667
20659,1006.26087
20660,952.8985507
20661,884.2898551
20662,991.0144928
20663,861.4202899
20664,747.0724638
20665,541.2463768
20666,442.1449275
20667,350.6666667
20668,282.057971
20669,274.4347826
20670,358.2898551
20671,335.4202899
20672,404.0289855
20673,693.7101449
20674,686.0869565
20675,830.9275362
20676,907.1594203
20677,808.057971
20678,930.0289855
20679,830.9275362
20680,899.5362319
20681,869.0434783
20682,891.9130435
20683,861.4202899
20684,930.0289855
20685,754.6956522
20686,846.173913
20687,701.3333333
20688,762.3188406
20689,518.3768116
20690,541.2463768
20691,404.0289855
20692,266.8115942
20693,243.942029
20694,243.942029
20695,327.7971014
20696,373.5362319
20697,312.5507246
20698,388.7826087
20699,495.5072464
20700,381.1594203
20701,533.6231884
20702,541.2463768
20703,480.2608696
20704,411.6521739
20705,526
20706,556.4927536
20707,472.6376812
20708,602.2318841
20709,358.2898551
20710,426.8985507
20711,609.8550725
20712,411.6521739
20713,327.7971014
20714,243.942029
20715,129.5942029
20716,236.3188406
20717,190.5797101
20718,129.5942029
20719,190.5797101
20720,236.3188406
20721,282.057971
20722,381.1594203
20723,472.6376812
20724,388.7826087
20725,388.7826087
20726,503.1304348
20727,487.884058
20728,503.1304348
20729,381.1594203
20730,487.884058
20731,625.1014493
20732,526
20733,571.7391304
20734,526
20735,457.3913043
20736,510.7536232
20737,297.3043478
20738,304.9275362
20739,228.6956522
20740,236.3188406
20741,251.5652174
20742,251.5652174
20743,282.057971
20744,259.1884058
20745,952.8985507
20746,1578
20747,1456.028986
20748,1204.463768
20749,1059.623188
20750,1318.811594
20751,1227.333333
20752,1364.550725
20753,1425.536232
20754,1265.449275
20755,1204.463768
20756,838.5507246
20757,739.4492754
20758,998.6376812
20759,808.057971
20760,975.7681159
20761,678.4637681
20762,472.6376812
20763,381.1594203
20764,266.8115942
20765,350.6666667
20766,297.3043478
20767,373.5362319
20768,396.4057971
20769,411.6521739
20770,663.2173913
20771,815.6811594
20772,838.5507246
20773,769.942029
20774,853.7971014
20775,907.1594203
20776,747.0724638
20777,830.9275362
20778,937.6521739
20779,853.7971014
20780,808.057971
20781,846.173913
20782,861.4202899
20783,754.6956522
20784,686.0869565
20785,571.7391304
20786,411.6521739
20787,358.2898551
20788,282.057971
20789,274.4347826
20790,297.3043478
20791,304.9275362
20792,411.6521739
20793,670.8405797
20794,769.942029
20795,960.5217391
20796,922.4057971
20797,808.057971
20798,846.173913
20799,808.057971
20800,968.1449275
20801,830.9275362
20802,830.9275362
20803,930.0289855
20804,945.2753623
20805,815.6811594
20806,800.4347826
20807,724.2028986
20808,663.2173913
20809,609.8550725
20810,465.0144928
20811,320.173913
20812,228.6956522
20813,297.3043478
20814,259.1884058
20815,503.1304348
20816,495.5072464
20817,480.2608696
20818,701.3333333
20819,792.8115942
20820,846.173913
20821,724.2028986
20822,792.8115942
20823,777.5652174
20824,686.0869565
20825,869.0434783
20826,823.3043478
20827,1029.130435
20828,869.0434783
20829,869.0434783
20830,792.8115942
20831,800.4347826
20832,739.4492754
20833,434.5217391
20834,518.3768116
20835,404.0289855
20836,312.5507246
20837,259.1884058
20838,320.173913
20839,365.9130435
20840,289.6811594
20841,358.2898551
20842,808.057971
20843,891.9130435
20844,846.173913
20845,838.5507246
20846,823.3043478
20847,785.1884058
20848,777.5652174
20849,800.4347826
20850,754.6956522
20851,1006.26087
20852,930.0289855
20853,861.4202899
20854,907.1594203
20855,678.4637681
20856,960.5217391
20857,708.9565217
20858,457.3913043
20859,335.4202899
20860,297.3043478
20861,198.2028986
20862,190.5797101
20863,243.942029
20864,259.1884058
20865,304.9275362
20866,442.1449275
20867,480.2608696
20868,434.5217391
20869,449.7681159
20870,411.6521739
20871,434.5217391
20872,495.5072464
20873,358.2898551
20874,396.4057971
20875,434.5217391
20876,404.0289855
20877,617.4782609
20878,442.1449275
20879,396.4057971
20880,388.7826087
20881,297.3043478
20882,228.6956522
20883,175.3333333
20884,266.8115942
20885,167.7101449
20886,198.2028986
20887,198.2028986
20888,152.4637681
20889,228.6956522
20890,510.7536232
20891,327.7971014
20892,457.3913043
20893,404.0289855
20894,343.0434783
20895,320.173913
20896,419.2753623
20897,442.1449275
20898,411.6521739
20899,533.6231884
20900,556.4927536
20901,487.884058
20902,647.9710145
20903,625.1014493
20904,556.4927536
20905,411.6521739
20906,297.3043478
20907,213.4492754
20908,213.4492754
20909,213.4492754
20910,243.942029
20911,335.4202899
20912,404.0289855
20913,526
20914,800.4347826
20915,922.4057971
20916,1044.376812
20917,853.7971014
20918,1181.594203
20919,1303.565217
20920,1181.594203
20921,1021.507246
20922,1372.173913
20923,1539.884058
20924,1090.115942
20925,800.4347826
20926,846.173913
20927,823.3043478
20928,769.942029
20929,670.8405797
20930,419.2753623
20931,373.5362319
20932,320.173913
20933,274.4347826
20934,312.5507246
20935,434.5217391
20936,373.5362319
20937,518.3768116
20938,518.3768116
20939,777.5652174
20940,724.2028986
20941,747.0724638
20942,724.2028986
20943,754.6956522
20944,930.0289855
20945,983.3913043
20946,1196.84058
20947,823.3043478
20948,777.5652174
20949,800.4347826
20950,747.0724638
20951,785.1884058
20952,686.0869565
20953,625.1014493
20954,373.5362319
20955,304.9275362
20956,175.3333333
20957,373.5362319
20958,297.3043478
20959,343.0434783
20960,381.1594203
20961,480.2608696
20962,1029.130435
20963,930.0289855
20964,792.8115942
20965,747.0724638
20966,891.9130435
20967,754.6956522
20968,640.3478261
20969,678.4637681
20970,708.9565217
20971,686.0869565
20972,876.6666667
20973,670.8405797
20974,754.6956522
20975,632.7246377
20976,526
20977,571.7391304
20978,350.6666667
20979,404.0289855
20980,266.8115942
20981,320.173913
20982,243.942029
20983,228.6956522
20984,350.6666667
20985,350.6666667
20986,381.1594203
20987,457.3913043
20988,503.1304348
20989,419.2753623
20990,518.3768116
20991,533.6231884
20992,533.6231884
20993,571.7391304
20994,594.6086957
20995,579.3623188
20996,487.884058
20997,434.5217391
20998,602.2318841
20999,647.9710145
21000,541.2463768
21001,472.6376812
21002,434.5217391
21003,289.6811594
21004,175.3333333
21005,205.826087
21006,228.6956522
21007,221.0724638
21008,312.5507246
21009,343.0434783
21010,487.884058
21011,510.7536232
21012,503.1304348
21013,442.1449275
21014,518.3768116
21015,579.3623188
21016,556.4927536
21017,747.0724638
21018,625.1014493
21019,708.9565217
21020,762.3188406
21021,518.3768116
21022,548.8695652
21023,716.5797101
21024,548.8695652
21025,388.7826087
21026,274.4347826
21027,243.942029
21028,228.6956522
21029,198.2028986
21030,129.5942029
21031,190.5797101
21032,251.5652174
21033,289.6811594
21034,282.057971
21035,411.6521739
21036,335.4202899
21037,304.9275362
21038,335.4202899
21039,404.0289855
21040,419.2753623
21041,388.7826087
21042,419.2753623
21043,419.2753623
21044,487.884058
21045,411.6521739
21046,396.4057971
21047,487.884058
21048,442.1449275
21049,343.0434783
21050,259.1884058
21051,228.6956522
21052,114.3478261
21053,190.5797101
21054,213.4492754
21055,182.9565217
21056,251.5652174
21057,304.9275362
21058,320.173913
21059,327.7971014
21060,259.1884058
21061,327.7971014
21062,442.1449275
21063,343.0434783
21064,434.5217391
21065,404.0289855
21066,457.3913043
21067,465.0144928
21068,457.3913043
21069,442.1449275
21070,579.3623188
21071,655.5942029
21072,785.1884058
21073,503.1304348
21074,434.5217391
21075,419.2753623
21076,266.8115942
21077,190.5797101
21078,358.2898551
21079,388.7826087
21080,404.0289855
21081,594.6086957
21082,1105.362319
21083,1722.84058
21084,1646.608696
21085,1280.695652
21086,1196.84058
21087,1425.536232
21088,1196.84058
21089,1181.594203
21090,1135.855072
21091,1356.927536
21092,1135.855072
21093,1090.115942
21094,983.3913043
21095,952.8985507
21096,960.5217391
21097,586.9855072
21098,510.7536232
21099,304.9275362
21100,304.9275362
21101,335.4202899
21102,320.173913
21103,304.9275362
21104,449.7681159
21105,495.5072464
21106,861.4202899
21107,1044.376812
21108,1227.333333
21109,975.7681159
21110,1013.884058
21111,1143.478261
21112,1074.869565
21113,1135.855072
21114,960.5217391
21115,1059.623188
21116,1029.130435
21117,1029.130435
21118,1013.884058
21119,846.173913
21120,792.8115942
21121,800.4347826
21122,541.2463768
21123,465.0144928
21124,388.7826087
21125,221.0724638
21126,297.3043478
21127,449.7681159
21128,480.2608696
21129,602.2318841
21130,930.0289855
21131,1036.753623
21132,876.6666667
21133,838.5507246
21134,1082.492754
21135,1036.753623
21136,968.1449275
21137,998.6376812
21138,1082.492754
21139,937.6521739
21140,937.6521739
21141,876.6666667
21142,792.8115942
21143,869.0434783
21144,899.5362319
21145,617.4782609
21146,472.6376812
21147,998.6376812
21148,1090.115942
21149,739.4492754
21150,602.2318841
21151,693.7101449
21152,678.4637681
21153,693.7101449
21154,869.0434783
21155,1044.376812
21156,1204.463768
21157,1433.15942
21158,1151.101449
21159,1242.57971
21160,922.4057971
21161,1173.971014
21162,1242.57971
21163,1112.985507
21164,1242.57971
21165,998.6376812
21166,1166.347826
21167,846.173913
21168,815.6811594
21169,792.8115942
21170,487.884058
21171,373.5362319
21172,388.7826087
21173,236.3188406
21174,343.0434783
21175,373.5362319
21176,472.6376812
21177,556.4927536
21178,686.0869565
21179,815.6811594
21180,876.6666667
21181,693.7101449
21182,769.942029
21183,861.4202899
21184,838.5507246
21185,701.3333333
21186,861.4202899
21187,830.9275362
21188,830.9275362
21189,739.4492754
21190,670.8405797
21191,1318.811594
21192,586.9855072
21193,533.6231884
21194,350.6666667
21195,312.5507246
21196,213.4492754
21197,190.5797101
21198,152.4637681
21199,221.0724638
21200,182.9565217
21201,274.4347826
21202,312.5507246
21203,274.4347826
21204,495.5072464
21205,335.4202899
21206,289.6811594
21207,396.4057971
21208,404.0289855
21209,396.4057971
21210,442.1449275
21211,404.0289855
21212,480.2608696
21213,503.1304348
21214,571.7391304
21215,617.4782609
21216,647.9710145
21217,335.4202899
21218,304.9275362
21219,228.6956522
21220,213.4492754
21221,213.4492754
21222,259.1884058
21223,198.2028986
21224,335.4202899
21225,365.9130435
21226,487.884058
21227,472.6376812
21228,510.7536232
21229,404.0289855
21230,404.0289855
21231,388.7826087
21232,411.6521739
21233,457.3913043
21234,510.7536232
21235,533.6231884
21236,701.3333333
21237,945.2753623
21238,1112.985507
21239,853.7971014
21240,716.5797101
21241,518.3768116
21242,350.6666667
21243,358.2898551
21244,320.173913
21245,304.9275362
21246,335.4202899
21247,426.8985507
21248,373.5362319
21249,1052
21250,1250.202899
21251,1242.57971
21252,1288.318841
21253,1082.492754
21254,1257.826087
21255,1036.753623
21256,998.6376812
21257,1052
21258,930.0289855
21259,1021.507246
21260,1257.826087
21261,1334.057971
21262,1219.710145
21263,1105.362319
21264,952.8985507
21265,663.2173913
21266,571.7391304
21267,503.1304348
21268,381.1594203
21269,282.057971
21270,396.4057971
21271,426.8985507
21272,518.3768116
21273,632.7246377
21274,1120.608696
21275,1250.202899
21276,1196.84058
21277,960.5217391
21278,1082.492754
21279,1052
21280,1036.753623
21281,991.0144928
21282,945.2753623
21283,945.2753623
21284,930.0289855
21285,1105.362319
21286,846.173913
21287,884.2898551
21288,861.4202899
21289,655.5942029
21290,487.884058
21291,442.1449275
21292,335.4202899
21293,266.8115942
21294,259.1884058
21295,358.2898551
21296,465.0144928
21297,678.4637681
21298,754.6956522
21299,1052
21300,899.5362319
21301,808.057971
21302,983.3913043
21303,968.1449275
21304,808.057971
21305,914.7826087
21306,922.4057971
21307,914.7826087
21308,1044.376812
21309,922.4057971
21310,960.5217391
21311,907.1594203
21312,769.942029
21313,769.942029
21314,533.6231884
21315,449.7681159
21316,327.7971014
21317,289.6811594
21318,228.6956522
21319,373.5362319
21320,404.0289855
21321,594.6086957
21322,487.884058
21323,853.7971014
21324,1036.753623
21325,785.1884058
21326,930.0289855
21327,1059.623188
21328,838.5507246
21329,800.4347826
21330,861.4202899
21331,815.6811594
21332,861.4202899
21333,678.4637681
21334,861.4202899
21335,830.9275362
21336,808.057971
21337,609.8550725
21338,480.2608696
21339,343.0434783
21340,282.057971
21341,320.173913
21342,335.4202899
21343,327.7971014
21344,396.4057971
21345,800.4347826
21346,1478.898551
21347,1303.565217
21348,1204.463768
21349,1052
21350,1318.811594
21351,1173.971014
21352,1303.565217
21353,1257.826087
21354,1120.608696
21355,968.1449275
21356,1097.73913
21357,930.0289855
21358,823.3043478
21359,960.5217391
21360,968.1449275
21361,747.0724638
21362,533.6231884
21363,472.6376812
21364,373.5362319
21365,274.4347826
21366,327.7971014
21367,243.942029
21368,381.1594203
21369,434.5217391
21370,526
21371,480.2608696
21372,655.5942029
21373,510.7536232
21374,465.0144928
21375,609.8550725
21376,609.8550725
21377,526
21378,503.1304348
21379,617.4782609
21380,579.3623188
21381,419.2753623
21382,526
21383,518.3768116
21384,533.6231884
21385,343.0434783
21386,266.8115942
21387,297.3043478
21388,190.5797101
21389,259.1884058
21390,198.2028986
21391,251.5652174
21392,259.1884058
21393,297.3043478
21394,449.7681159
21395,411.6521739
21396,426.8985507
21397,388.7826087
21398,426.8985507
21399,419.2753623
21400,503.1304348
21401,396.4057971
21402,442.1449275
21403,472.6376812
21404,510.7536232
21405,625.1014493
21406,579.3623188
21407,663.2173913
21408,602.2318841
21409,266.8115942
21410,312.5507246
21411,327.7971014
21412,198.2028986
21413,182.9565217
21414,259.1884058
21415,320.173913
21416,472.6376812
21417,510.7536232
21418,747.0724638
21419,968.1449275
21420,1036.753623
21421,1151.101449
21422,1189.217391
21423,1013.884058
21424,884.2898551
21425,907.1594203
21426,1074.869565
21427,884.2898551
21428,1105.362319
21429,922.4057971
21430,1029.130435
21431,1120.608696
21432,747.0724638
21433,556.4927536
21434,693.7101449
21435,487.884058
21436,350.6666667
21437,304.9275362
21438,457.3913043
21439,480.2608696
21440,579.3623188
21441,1128.231884
21442,1318.811594
21443,1395.043478
21444,1585.623188
21445,1280.695652
21446,1341.681159
21447,1433.15942
21448,1242.57971
21449,1364.550725
21450,1387.42029
21451,1334.057971
21452,1372.173913
21453,1166.347826
21454,1326.434783
21455,1158.724638
21456,1219.710145
21457,1128.231884
21458,884.2898551
21459,769.942029
21460,533.6231884
21461,518.3768116
21462,503.1304348
21463,533.6231884
21464,617.4782609
21465,907.1594203
21466,1074.869565
21467,1090.115942
21468,1318.811594
21469,1097.73913
21470,1074.869565
21471,1250.202899
21472,1158.724638
21473,1181.594203
21474,952.8985507
21475,1219.710145
21476,1212.086957
21477,907.1594203
21478,1166.347826
21479,960.5217391
21480,952.8985507
21481,1013.884058
21482,846.173913
21483,602.2318841
21484,343.0434783
21485,388.7826087
21486,404.0289855
21487,495.5072464
21488,480.2608696
21489,724.2028986
21490,853.7971014
21491,975.7681159
21492,1013.884058
21493,975.7681159
21494,983.3913043
21495,975.7681159
21496,930.0289855
21497,1059.623188
21498,922.4057971
21499,937.6521739
21500,1166.347826
21501,1143.478261
21502,792.8115942
21503,861.4202899
21504,663.2173913
21505,701.3333333
21506,640.3478261
21507,640.3478261
21508,373.5362319
21509,297.3043478
21510,434.5217391
21511,526
21512,518.3768116
21513,686.0869565
21514,861.4202899
21515,991.0144928
21516,1158.724638
21517,998.6376812
21518,1090.115942
21519,1029.130435
21520,785.1884058
21521,891.9130435
21522,708.9565217
21523,891.9130435
21524,1074.869565
21525,914.7826087
21526,952.8985507
21527,991.0144928
21528,785.1884058
21529,853.7971014
21530,640.3478261
21531,556.4927536
21532,297.3043478
21533,15.24637681
21534,327.7971014
21535,426.8985507
21536,510.7536232
21537,579.3623188
21538,792.8115942
21539,708.9565217
21540,792.8115942
21541,884.2898551
21542,731.826087
21543,594.6086957
21544,556.4927536
21545,472.6376812
21546,556.4927536
21547,609.8550725
21548,640.3478261
21549,739.4492754
21550,731.826087
21551,785.1884058
21552,678.4637681
21553,594.6086957
21554,465.0144928
21555,503.1304348
21556,548.8695652
21557,495.5072464
21558,526
21559,724.2028986
21560,647.9710145
21561,808.057971
21562,747.0724638
21563,686.0869565
21564,716.5797101
21565,693.7101449
21566,686.0869565
21567,686.0869565
21568,632.7246377
21569,472.6376812
21570,655.5942029
21571,724.2028986
21572,792.8115942
21573,853.7971014
21574,1074.869565
21575,1013.884058
21576,930.0289855
21577,869.0434783
21578,815.6811594
21579,663.2173913
21580,777.5652174
21581,686.0869565
21582,983.3913043
21583,830.9275362
21584,930.0289855
21585,1265.449275
21586,1402.666667
21587,1486.521739
21588,1494.144928
21589,1463.652174
21590,1486.521739
21591,1395.043478
21592,1379.797101
21593,1219.710145
21594,1288.318841
21595,1234.956522
21596,1189.217391
21597,1212.086957
21598,1265.449275
21599,1158.724638
21600,823.3043478
21601,655.5942029
21602,640.3478261
21603,518.3768116
21604,579.3623188
21605,465.0144928
21606,320.173913
21607,449.7681159
21608,472.6376812
21609,739.4492754
21610,975.7681159
21611,1029.130435
21612,1013.884058
21613,1044.376812
21614,1173.971014
21615,1196.84058
21616,983.3913043
21617,960.5217391
21618,1006.26087
21619,1158.724638
21620,1006.26087
21621,1052
21622,1158.724638
21623,1074.869565
21624,785.1884058
21625,670.8405797
21626,533.6231884
21627,541.2463768
21628,388.7826087
21629,388.7826087
21630,289.6811594
21631,457.3913043
21632,541.2463768
21633,869.0434783
21634,861.4202899
21635,1059.623188
21636,1029.130435
21637,853.7971014
21638,1074.869565
21639,1097.73913
21640,1067.246377
21641,1067.246377
21642,1143.478261
21643,1097.73913
21644,968.1449275
21645,991.0144928
21646,1036.753623
21647,968.1449275
21648,678.4637681
21649,792.8115942
21650,647.9710145
21651,701.3333333
21652,419.2753623
21653,449.7681159
21654,487.884058
21655,411.6521739
21656,457.3913043
21657,602.2318841
21658,792.8115942
21659,899.5362319
21660,1013.884058
21661,1013.884058
21662,1097.73913
21663,1112.985507
21664,952.8985507
21665,998.6376812
21666,1067.246377
21667,1013.884058
21668,1029.130435
21669,1044.376812
21670,876.6666667
21671,914.7826087
21672,754.6956522
21673,800.4347826
21674,556.4927536
21675,609.8550725
21676,434.5217391
21677,388.7826087
21678,365.9130435
21679,304.9275362
21680,495.5072464
21681,869.0434783
21682,1334.057971
21683,1303.565217
21684,1273.072464
21685,1158.724638
21686,1425.536232
21687,1257.826087
21688,968.1449275
21689,914.7826087
21690,1128.231884
21691,1059.623188
21692,1173.971014
21693,1036.753623
21694,937.6521739
21695,1052
21696,800.4347826
21697,632.7246377
21698,533.6231884
21699,533.6231884
21700,327.7971014
21701,404.0289855
21702,327.7971014
21703,320.173913
21704,419.2753623
21705,388.7826087
21706,442.1449275
21707,617.4782609
21708,548.8695652
21709,586.9855072
21710,564.115942
21711,533.6231884
21712,495.5072464
21713,594.6086957
21714,564.115942
21715,571.7391304
21716,556.4927536
21717,480.2608696
21718,548.8695652
21719,548.8695652
21720,518.3768116
21721,381.1594203
21722,327.7971014
21723,373.5362319
21724,343.0434783
21725,213.4492754
21726,198.2028986
21727,251.5652174
21728,289.6811594
21729,343.0434783
21730,480.2608696
21731,449.7681159
21732,480.2608696
21733,457.3913043
21734,411.6521739
21735,457.3913043
21736,426.8985507
21737,449.7681159
21738,465.0144928
21739,640.3478261
21740,594.6086957
21741,701.3333333
21742,716.5797101
21743,754.6956522
21744,640.3478261
21745,434.5217391
21746,594.6086957
21747,426.8985507
21748,259.1884058
21749,190.5797101
21750,259.1884058
21751,396.4057971
21752,426.8985507
21753,724.2028986
21754,1112.985507
21755,1219.710145
21756,1410.289855
21757,1326.434783
21758,1295.942029
21759,1280.695652
21760,1372.173913
21761,1433.15942
21762,1204.463768
21763,1311.188406
21764,1318.811594
21765,1257.826087
21766,983.3913043
21767,1036.753623
21768,884.2898551
21769,937.6521739
21770,678.4637681
21771,640.3478261
21772,526
21773,388.7826087
21774,411.6521739
21775,503.1304348
21776,548.8695652
21777,708.9565217
21778,861.4202899
21779,891.9130435
21780,1105.362319
21781,823.3043478
21782,1341.681159
21783,1097.73913
21784,968.1449275
21785,968.1449275
21786,1257.826087
21787,1417.913043
21788,1295.942029
21789,1059.623188
21790,1029.130435
21791,930.0289855
21792,762.3188406
21793,602.2318841
21794,541.2463768
21795,480.2608696
21796,510.7536232
21797,343.0434783
21798,419.2753623
21799,373.5362319
21800,404.0289855
21801,891.9130435
21802,1158.724638
21803,1318.811594
21804,1227.333333
21805,1052
21806,1143.478261
21807,1273.072464
21808,1029.130435
21809,1372.173913
21810,1021.507246
21811,1280.695652
21812,983.3913043
21813,960.5217391
21814,1013.884058
21815,846.173913
21816,663.2173913
21817,663.2173913
21818,533.6231884
21819,495.5072464
21820,312.5507246
21821,221.0724638
21822,335.4202899
21823,350.6666667
21824,350.6666667
21825,754.6956522
21826,754.6956522
21827,891.9130435
21828,922.4057971
21829,884.2898551
21830,975.7681159
21831,968.1449275
21832,1074.869565
21833,1189.217391
21834,937.6521739
21835,1128.231884
21836,991.0144928
21837,716.5797101
21838,930.0289855
21839,663.2173913
21840,586.9855072
21841,533.6231884
21842,388.7826087
21843,259.1884058
21844,236.3188406
21845,289.6811594
21846,259.1884058
21847,259.1884058
21848,312.5507246
21849,548.8695652
21850,922.4057971
21851,922.4057971
21852,968.1449275
21853,907.1594203
21854,1013.884058
21855,975.7681159
21856,952.8985507
21857,724.2028986
21858,747.0724638
21859,907.1594203
21860,655.5942029
21861,777.5652174
21862,800.4347826
21863,708.9565217
21864,625.1014493
21865,442.1449275
21866,419.2753623
21867,335.4202899
21868,221.0724638
21869,221.0724638
21870,205.826087
21871,198.2028986
21872,274.4347826
21873,465.0144928
21874,411.6521739
21875,526
21876,449.7681159
21877,465.0144928
21878,586.9855072
21879,343.0434783
21880,518.3768116
21881,465.0144928
21882,594.6086957
21883,457.3913043
21884,541.2463768
21885,609.8550725
21886,670.8405797
21887,548.8695652
21888,442.1449275
21889,495.5072464
21890,259.1884058
21891,221.0724638
21892,251.5652174
21893,160.0869565
21894,190.5797101
21895,175.3333333
21896,289.6811594
21897,396.4057971
21898,472.6376812
21899,465.0144928
21900,510.7536232
21901,419.2753623
21902,526
21903,503.1304348
21904,571.7391304
21905,495.5072464
21906,419.2753623
21907,533.6231884
21908,708.9565217
21909,518.3768116
21910,754.6956522
21911,670.8405797
21912,686.0869565
21913,579.3623188
21914,503.1304348
21915,487.884058
21916,343.0434783
21917,312.5507246
21918,350.6666667
21919,434.5217391
21920,426.8985507
21921,891.9130435
21922,991.0144928
21923,1006.26087
21924,1280.695652
21925,1059.623188
21926,1326.434783
21927,1158.724638
21928,1067.246377
21929,1036.753623
21930,1067.246377
21931,1295.942029
21932,1173.971014
21933,1105.362319
21934,1105.362319
21935,991.0144928
21936,823.3043478
21937,785.1884058
21938,632.7246377
21939,510.7536232
21940,495.5072464
21941,449.7681159
21942,373.5362319
21943,404.0289855
21944,533.6231884
21945,526
21946,800.4347826
21947,991.0144928
21948,945.2753623
21949,861.4202899
21950,1082.492754
21951,1120.608696
21952,1166.347826
21953,975.7681159
21954,937.6521739
21955,930.0289855
21956,1448.405797
21957,1013.884058
21958,1234.956522
21959,975.7681159
21960,876.6666667
21961,503.1304348
21962,480.2608696
21963,442.1449275
21964,526
21965,396.4057971
21966,404.0289855
21967,480.2608696
21968,571.7391304
21969,1326.434783
21970,1837.188406
21971,1730.463768
21972,1547.507246
21973,1280.695652
21974,1280.695652
21975,1242.57971
21976,1158.724638
21977,1448.405797
21978,1295.942029
21979,1212.086957
21980,1181.594203
21981,1356.927536
21982,1189.217391
21983,1120.608696
21984,1059.623188
21985,769.942029
21986,731.826087
21987,716.5797101
21988,419.2753623
21989,343.0434783
21990,365.9130435
21991,480.2608696
21992,701.3333333
21993,846.173913
21994,1067.246377
21995,1219.710145
21996,1295.942029
21997,869.0434783
21998,1181.594203
21999,1219.710145
22000,907.1594203
22001,1128.231884
22002,1006.26087
22003,1067.246377
22004,1112.985507
22005,830.9275362
22006,968.1449275
22007,853.7971014
22008,869.0434783
22009,632.7246377
22010,419.2753623
22011,526
22012,335.4202899
22013,335.4202899
22014,419.2753623
22015,465.0144928
22016,571.7391304
22017,800.4347826
22018,945.2753623
22019,1021.507246
22020,1120.608696
22021,914.7826087
22022,1044.376812
22023,1052
22024,1021.507246
22025,853.7971014
22026,1021.507246
22027,1074.869565
22028,899.5362319
22029,853.7971014
22030,800.4347826
22031,708.9565217
22032,830.9275362
22033,708.9565217
22034,495.5072464
22035,381.1594203
22036,297.3043478
22037,236.3188406
22038,198.2028986
22039,327.7971014
22040,289.6811594
22041,343.0434783
22042,510.7536232
22043,442.1449275
22044,480.2608696
22045,465.0144928
22046,449.7681159
22047,480.2608696
22048,442.1449275
22049,541.2463768
22050,426.8985507
22051,579.3623188
22052,510.7536232
22053,594.6086957
22054,655.5942029
22055,526
22056,503.1304348
22057,327.7971014
22058,335.4202899
22059,190.5797101
22060,167.7101449
22061,160.0869565
22062,205.826087
22063,259.1884058
22064,236.3188406
22065,388.7826087
22066,457.3913043
22067,503.1304348
22068,533.6231884
22069,358.2898551
22070,419.2753623
22071,434.5217391
22072,487.884058
22073,602.2318841
22074,541.2463768
22075,586.9855072
22076,541.2463768
22077,579.3623188
22078,556.4927536
22079,564.115942
22080,518.3768116
22081,381.1594203
22082,381.1594203
22083,312.5507246
22084,304.9275362
22085,350.6666667
22086,320.173913
22087,449.7681159
22088,335.4202899
22089,808.057971
22090,1189.217391
22091,1250.202899
22092,1067.246377
22093,1257.826087
22094,1227.333333
22095,1158.724638
22096,1334.057971
22097,1090.115942
22098,1227.333333
22099,1303.565217
22100,1440.782609
22101,1067.246377
22102,1097.73913
22103,983.3913043
22104,937.6521739
22105,808.057971
22106,586.9855072
22107,457.3913043
22108,465.0144928
22109,312.5507246
22110,442.1449275
22111,304.9275362
22112,526
22113,602.2318841
22114,861.4202899
22115,922.4057971
22116,1128.231884
22117,1135.855072
22118,1387.42029
22119,1257.826087
22120,1234.956522
22121,1196.84058
22122,1196.84058
22123,1212.086957
22124,1204.463768
22125,1052
22126,1189.217391
22127,1196.84058
22128,869.0434783
22129,907.1594203
22130,647.9710145
22131,686.0869565
22132,480.2608696
22133,304.9275362
22134,350.6666667
22135,419.2753623
22136,480.2608696
22137,1059.623188
22138,1471.275362
22139,1654.231884
22140,1288.318841
22141,1349.304348
22142,1181.594203
22143,1082.492754
22144,914.7826087
22145,1067.246377
22146,1501.768116
22147,1616.115942
22148,1341.681159
22149,1151.101449
22150,1227.333333
22151,1090.115942
22152,922.4057971
22153,930.0289855
22154,952.8985507
22155,625.1014493
22156,503.1304348
22157,411.6521739
22158,457.3913043
22159,457.3913043
22160,655.5942029
22161,686.0869565
22162,838.5507246
22163,960.5217391
22164,914.7826087
22165,991.0144928
22166,968.1449275
22167,1105.362319
22168,1036.753623
22169,1135.855072
22170,1128.231884
22171,1212.086957
22172,1135.855072
22173,1120.608696
22174,1143.478261
22175,968.1449275
22176,899.5362319
22177,724.2028986
22178,762.3188406
22179,419.2753623
22180,419.2753623
22181,327.7971014
22182,304.9275362
22183,358.2898551
22184,571.7391304
22185,708.9565217
22186,907.1594203
22187,1059.623188
22188,1059.623188
22189,1044.376812
22190,1257.826087
22191,1044.376812
22192,975.7681159
22193,1059.623188
22194,907.1594203
22195,747.0724638
22196,960.5217391
22197,853.7971014
22198,1128.231884
22199,975.7681159
22200,808.057971
22201,724.2028986
22202,426.8985507
22203,289.6811594
22204,388.7826087
22205,213.4492754
22206,266.8115942
22207,320.173913
22208,404.0289855
22209,266.8115942
22210,472.6376812
22211,526
22212,442.1449275
22213,426.8985507
22214,533.6231884
22215,487.884058
22216,495.5072464
22217,510.7536232
22218,518.3768116
22219,655.5942029
22220,640.3478261
22221,609.8550725
22222,487.884058
22223,609.8550725
22224,449.7681159
22225,358.2898551
22226,358.2898551
22227,327.7971014
22228,182.9565217
22229,259.1884058
22230,190.5797101
22231,274.4347826
22232,289.6811594
22233,358.2898551
22234,388.7826087
22235,686.0869565
22236,533.6231884
22237,541.2463768
22238,556.4927536
22239,503.1304348
22240,442.1449275
22241,404.0289855
22242,586.9855072
22243,670.8405797
22244,724.2028986
22245,701.3333333
22246,655.5942029
22247,716.5797101
22248,747.0724638
22249,632.7246377
22250,480.2608696
22251,426.8985507
22252,297.3043478
22253,236.3188406
22254,304.9275362
22255,259.1884058
22256,495.5072464
22257,891.9130435
22258,1082.492754
22259,1250.202899
22260,1410.289855
22261,1334.057971
22262,1463.652174
22263,1219.710145
22264,1395.043478
22265,1280.695652
22266,1105.362319
22267,1417.913043
22268,1128.231884
22269,1013.884058
22270,1318.811594
22271,1052
22272,968.1449275
22273,884.2898551
22274,571.7391304
22275,548.8695652
22276,411.6521739
22277,373.5362319
22278,358.2898551
22279,289.6811594
22280,426.8985507
22281,754.6956522
22282,952.8985507
22283,1052
22284,945.2753623
22285,846.173913
22286,991.0144928
22287,1082.492754
22288,1029.130435
22289,907.1594203
22290,983.3913043
22291,1417.913043
22292,1882.927536
22293,1151.101449
22294,1006.26087
22295,998.6376812
22296,861.4202899
22297,792.8115942
22298,663.2173913
22299,426.8985507
22300,404.0289855
22301,335.4202899
22302,388.7826087
22303,472.6376812
22304,548.8695652
22305,937.6521739
22306,1638.985507
22307,1654.231884
22308,1555.130435
22309,1395.043478
22310,1219.710145
22311,1318.811594
22312,1326.434783
22313,1151.101449
22314,1090.115942
22315,1128.231884
22316,1234.956522
22317,1166.347826
22318,1356.927536
22319,1082.492754
22320,937.6521739
22321,1112.985507
22322,861.4202899
22323,594.6086957
22324,556.4927536
22325,457.3913043
22326,411.6521739
22327,465.0144928
22328,579.3623188
22329,625.1014493
22330,884.2898551
22331,1067.246377
22332,1090.115942
22333,1349.304348
22334,1288.318841
22335,1265.449275
22336,1097.73913
22337,914.7826087
22338,1029.130435
22339,1044.376812
22340,1013.884058
22341,1120.608696
22342,1105.362319
22343,998.6376812
22344,876.6666667
22345,724.2028986
22346,747.0724638
22347,640.3478261
22348,426.8985507
22349,388.7826087
22350,365.9130435
22351,419.2753623
22352,548.8695652
22353,716.5797101
22354,1105.362319
22355,1082.492754
22356,1006.26087
22357,1029.130435
22358,838.5507246
22359,1166.347826
22360,1021.507246
22361,937.6521739
22362,945.2753623
22363,930.0289855
22364,1120.608696
22365,823.3043478
22366,914.7826087
22367,747.0724638
22368,739.4492754
22369,716.5797101
22370,381.1594203
22371,457.3913043
22372,282.057971
22373,312.5507246
22374,190.5797101
22375,304.9275362
22376,350.6666667
22377,274.4347826
22378,487.884058
22379,487.884058
22380,434.5217391
22381,442.1449275
22382,381.1594203
22383,609.8550725
22384,449.7681159
22385,495.5072464
22386,449.7681159
22387,647.9710145
22388,594.6086957
22389,472.6376812
22390,541.2463768
22391,632.7246377
22392,556.4927536
22393,335.4202899
22394,266.8115942
22395,335.4202899
22396,221.0724638
22397,213.4492754
22398,175.3333333
22399,205.826087
22400,259.1884058
22401,396.4057971
22402,419.2753623
22403,548.8695652
22404,495.5072464
22405,503.1304348
22406,426.8985507
22407,510.7536232
22408,472.6376812
22409,571.7391304
22410,754.6956522
22411,647.9710145
22412,716.5797101
22413,609.8550725
22414,609.8550725
22415,632.7246377
22416,792.8115942
22417,465.0144928
22418,472.6376812
22419,335.4202899
22420,282.057971
22421,236.3188406
22422,282.057971
22423,442.1449275
22424,442.1449275
22425,632.7246377
22426,1120.608696
22427,1204.463768
22428,1135.855072
22429,1242.57971
22430,1090.115942
22431,1105.362319
22432,1135.855072
22433,914.7826087
22434,960.5217391
22435,991.0144928
22436,952.8985507
22437,1044.376812
22438,968.1449275
22439,930.0289855
22440,952.8985507
22441,861.4202899
22442,724.2028986
22443,693.7101449
22444,457.3913043
22445,404.0289855
22446,373.5362319
22447,434.5217391
22448,556.4927536
22449,548.8695652
22450,678.4637681
22451,846.173913
22452,1044.376812
22453,991.0144928
22454,1120.608696
22455,1090.115942
22456,922.4057971
22457,1158.724638
22458,1196.84058
22459,1158.724638
22460,785.1884058
22461,785.1884058
22462,846.173913
22463,891.9130435
22464,724.2028986
22465,548.8695652
22466,373.5362319
22467,365.9130435
22468,266.8115942
22469,251.5652174
22470,236.3188406
22471,312.5507246
22472,320.173913
22473,808.057971
22474,1189.217391
22475,1364.550725
22476,1128.231884
22477,823.3043478
22478,861.4202899
22479,1052
22480,861.4202899
22481,701.3333333
22482,1097.73913
22483,975.7681159
22484,869.0434783
22485,792.8115942
22486,922.4057971
22487,762.3188406
22488,586.9855072
22489,472.6376812
22490,495.5072464
22491,343.0434783
22492,304.9275362
22493,167.7101449
22494,213.4492754
22495,274.4347826
22496,327.7971014
22497,487.884058
22498,449.7681159
22499,503.1304348
22500,708.9565217
22501,434.5217391
22502,655.5942029
22503,472.6376812
22504,541.2463768
22505,510.7536232
22506,503.1304348
22507,617.4782609
22508,556.4927536
22509,632.7246377
22510,617.4782609
22511,548.8695652
22512,495.5072464
22513,411.6521739
22514,221.0724638
22515,289.6811594
22516,167.7101449
22517,160.0869565
22518,221.0724638
22519,243.942029
22520,335.4202899
22521,480.2608696
22522,739.4492754
22523,838.5507246
22524,891.9130435
22525,800.4347826
22526,869.0434783
22527,670.8405797
22528,785.1884058
22529,594.6086957
22530,663.2173913
22531,533.6231884
22532,609.8550725
22533,808.057971
22534,1021.507246
22535,777.5652174
22536,739.4492754
22537,594.6086957
22538,411.6521739
22539,274.4347826
22540,259.1884058
22541,335.4202899
22542,236.3188406
22543,343.0434783
22544,404.0289855
22545,480.2608696
22546,663.2173913
22547,625.1014493
22548,617.4782609
22549,472.6376812
22550,503.1304348
22551,533.6231884
22552,487.884058
22553,510.7536232
22554,686.0869565
22555,617.4782609
22556,526
22557,548.8695652
22558,495.5072464
22559,434.5217391
22560,449.7681159
22561,251.5652174
22562,320.173913
22563,259.1884058
22564,144.8405797
22565,167.7101449
22566,205.826087
22567,205.826087
22568,320.173913
22569,335.4202899
22570,419.2753623
22571,594.6086957
22572,465.0144928
22573,602.2318841
22574,548.8695652
22575,465.0144928
22576,442.1449275
22577,480.2608696
22578,465.0144928
22579,800.4347826
22580,663.2173913
22581,922.4057971
22582,724.2028986
22583,670.8405797
22584,625.1014493
22585,503.1304348
22586,312.5507246
22587,343.0434783
22588,243.942029
22589,243.942029
22590,282.057971
22591,266.8115942
22592,289.6811594
22593,701.3333333
22594,1135.855072
22595,1219.710145
22596,1067.246377
22597,1036.753623
22598,1120.608696
22599,1303.565217
22600,1234.956522
22601,1120.608696
22602,1189.217391
22603,1234.956522
22604,1166.347826
22605,983.3913043
22606,1029.130435
22607,930.0289855
22608,983.3913043
22609,1173.971014
22610,792.8115942
22611,708.9565217
22612,510.7536232
22613,487.884058
22614,426.8985507
22615,487.884058
22616,518.3768116
22617,701.3333333
22618,800.4347826
22619,1006.26087
22620,1227.333333
22621,1052
22622,1303.565217
22623,1265.449275
22624,1120.608696
22625,1120.608696
22626,1112.985507
22627,1158.724638
22628,838.5507246
22629,922.4057971
22630,884.2898551
22631,998.6376812
22632,792.8115942
22633,815.6811594
22634,708.9565217
22635,541.2463768
22636,564.115942
22637,465.0144928
22638,434.5217391
22639,404.0289855
22640,419.2753623
22641,747.0724638
22642,1021.507246
22643,1120.608696
22644,1128.231884
22645,846.173913
22646,899.5362319
22647,1173.971014
22648,914.7826087
22649,983.3913043
22650,823.3043478
22651,693.7101449
22652,663.2173913
22653,678.4637681
22654,655.5942029
22655,632.7246377
22656,503.1304348
22657,541.2463768
22658,373.5362319
22659,282.057971
22660,320.173913
22661,152.4637681
22662,228.6956522
22663,205.826087
22664,297.3043478
22665,343.0434783
22666,419.2753623
22667,381.1594203
22668,518.3768116
22669,518.3768116
22670,434.5217391
22671,556.4927536
22672,533.6231884
22673,411.6521739
22674,564.115942
22675,747.0724638
22676,526
22677,785.1884058
22678,701.3333333
22679,640.3478261
22680,655.5942029
22681,647.9710145
22682,480.2608696
22683,449.7681159
22684,327.7971014
22685,266.8115942
22686,388.7826087
22687,320.173913
22688,365.9130435
22689,708.9565217
22690,1128.231884
22691,1151.101449
22692,1143.478261
22693,945.2753623
22694,1181.594203
22695,1219.710145
22696,975.7681159
22697,1013.884058
22698,914.7826087
22699,1036.753623
22700,991.0144928
22701,922.4057971
22702,846.173913
22703,922.4057971
22704,754.6956522
22705,518.3768116
22706,503.1304348
22707,426.8985507
22708,503.1304348
22709,396.4057971
22710,297.3043478
22711,396.4057971
22712,365.9130435
22713,487.884058
22714,503.1304348
22715,564.115942
22716,571.7391304
22717,708.9565217
22718,586.9855072
22719,754.6956522
22720,571.7391304
22721,686.0869565
22722,579.3623188
22723,647.9710145
22724,647.9710145
22725,579.3623188
22726,617.4782609
22727,617.4782609
22728,686.0869565
22729,510.7536232
22730,449.7681159
22731,297.3043478
22732,327.7971014
22733,266.8115942
22734,198.2028986
22735,274.4347826
22736,251.5652174
22737,426.8985507
22738,434.5217391
22739,457.3913043
22740,564.115942
22741,548.8695652
22742,457.3913043
22743,571.7391304
22744,396.4057971
22745,594.6086957
22746,686.0869565
22747,594.6086957
22748,716.5797101
22749,663.2173913
22750,754.6956522
22751,846.173913
22752,693.7101449
22753,586.9855072
22754,381.1594203
22755,350.6666667
22756,350.6666667
22757,297.3043478
22758,251.5652174
22759,335.4202899
22760,472.6376812
22761,503.1304348
22762,861.4202899
22763,945.2753623
22764,1097.73913
22765,1196.84058
22766,1273.072464
22767,1227.333333
22768,1334.057971
22769,1295.942029
22770,1364.550725
22771,1433.15942
22772,1425.536232
22773,1135.855072
22774,1280.695652
22775,1173.971014
22776,922.4057971
22777,670.8405797
22778,769.942029
22779,945.2753623
22780,510.7536232
22781,533.6231884
22782,556.4927536
22783,602.2318841
22784,579.3623188
22785,1059.623188
22786,1364.550725
22787,1334.057971
22788,1318.811594
22789,1044.376812
22790,1212.086957
22791,1341.681159
22792,1151.101449
22793,1212.086957
22794,1074.869565
22795,1234.956522
22796,1105.362319
22797,1128.231884
22798,1120.608696
22799,1029.130435
22800,876.6666667
22801,792.8115942
22802,632.7246377
22803,602.2318841
22804,381.1594203
22805,259.1884058
22806,396.4057971
22807,457.3913043
22808,465.0144928
22809,800.4347826
22810,1151.101449
22811,1250.202899
22812,1242.57971
22813,1143.478261
22814,1166.347826
22815,1212.086957
22816,1234.956522
22817,1242.57971
22818,1311.188406
22819,1013.884058
22820,1143.478261
22821,1044.376812
22822,1212.086957
22823,1120.608696
22824,1052
22825,777.5652174
22826,556.4927536
22827,434.5217391
22828,487.884058
22829,282.057971
22830,343.0434783
22831,388.7826087
22832,503.1304348
22833,594.6086957
22834,785.1884058
22835,1234.956522
22836,1097.73913
22837,846.173913
22838,1059.623188
22839,1242.57971
22840,1273.072464
22841,1059.623188
22842,991.0144928
22843,1059.623188
22844,1105.362319
22845,1090.115942
22846,1082.492754
22847,876.6666667
22848,869.0434783
22849,869.0434783
22850,716.5797101
22851,426.8985507
22852,419.2753623
22853,343.0434783
22854,434.5217391
22855,442.1449275
22856,312.5507246
22857,777.5652174
22858,846.173913
22859,1204.463768
22860,1318.811594
22861,1166.347826
22862,1052
22863,1204.463768
22864,1105.362319
22865,1044.376812
22866,945.2753623
22867,1029.130435
22868,952.8985507
22869,1013.884058
22870,1029.130435
22871,1013.884058
22872,830.9275362
22873,716.5797101
22874,686.0869565
22875,358.2898551
22876,343.0434783
22877,304.9275362
22878,228.6956522
22879,327.7971014
22880,396.4057971
22881,381.1594203
22882,556.4927536
22883,533.6231884
22884,434.5217391
22885,457.3913043
22886,411.6521739
22887,579.3623188
22888,503.1304348
22889,655.5942029
22890,579.3623188
22891,731.826087
22892,693.7101449
22893,701.3333333
22894,655.5942029
22895,609.8550725
22896,724.2028986
22897,442.1449275
22898,327.7971014
22899,266.8115942
22900,396.4057971
22901,243.942029
22902,243.942029
22903,343.0434783
22904,335.4202899
22905,404.0289855
22906,297.3043478
22907,647.9710145
22908,465.0144928
22909,434.5217391
22910,465.0144928
22911,533.6231884
22912,480.2608696
22913,586.9855072
22914,449.7681159
22915,769.942029
22916,617.4782609
22917,625.1014493
22918,1227.333333
22919,1173.971014
22920,1265.449275
22921,830.9275362
22922,922.4057971
22923,670.8405797
22924,762.3188406
22925,533.6231884
22926,480.2608696
22927,533.6231884
22928,625.1014493
22929,1021.507246
22930,1250.202899
22931,1448.405797
22932,1417.913043
22933,1173.971014
22934,1753.333333
22935,1356.927536
22936,1532.26087
22937,1318.811594
22938,1151.101449
22939,1410.289855
22940,1440.782609
22941,1311.188406
22942,1318.811594
22943,1257.826087
22944,1044.376812
22945,808.057971
22946,678.4637681
22947,617.4782609
22948,762.3188406
22949,480.2608696
22950,411.6521739
22951,510.7536232
22952,625.1014493
22953,609.8550725
22954,777.5652174
22955,1090.115942
22956,1021.507246
22957,907.1594203
22958,1044.376812
22959,1303.565217
22960,1013.884058
22961,1097.73913
22962,968.1449275
22963,1112.985507
22964,1044.376812
22965,1090.115942
22966,1128.231884
22967,991.0144928
22968,991.0144928
22969,724.2028986
22970,571.7391304
22971,556.4927536
22972,404.0289855
22973,365.9130435
22974,373.5362319
22975,442.1449275
22976,457.3913043
22977,1006.26087
22978,922.4057971
22979,1219.710145
22980,1212.086957
22981,1242.57971
22982,1181.594203
22983,1265.449275
22984,1112.985507
22985,1105.362319
22986,1273.072464
22987,1387.42029
22988,1234.956522
22989,1227.333333
22990,1166.347826
22991,1646.608696
22992,2378.434783
22993,2271.710145
22994,2172.608696
22995,2081.130435
22996,1600.869565
22997,1570.376812
22998,1478.898551
22999,1555.130435
23000,1547.507246
23001,1242.57971
23002,1303.565217
23003,1517.014493
23004,1646.608696
23005,1334.057971
23006,1753.333333
23007,1318.811594
23008,1448.405797
23009,1417.913043
23010,1570.376812
23011,1776.202899
23012,2073.507246
23013,1669.478261
23014,1623.73913
23015,1227.333333
23016,983.3913043
23017,1082.492754
23018,838.5507246
23019,808.057971
23020,701.3333333
23021,586.9855072
23022,556.4927536
23023,792.8115942
23024,678.4637681
23025,1410.289855
23026,1623.73913
23027,1539.884058
23028,2081.130435
23029,1776.202899
23030,1951.536232
23031,1478.898551
23032,1585.623188
23033,1425.536232
23034,1433.15942
23035,1372.173913
23036,1425.536232
23037,1585.623188
23038,1158.724638
23039,1135.855072
23040,983.3913043
23041,1219.710145
23042,762.3188406
23043,777.5652174
23044,655.5942029
23045,480.2608696
23046,518.3768116
23047,426.8985507
23048,503.1304348
23049,678.4637681
23050,739.4492754
23051,830.9275362
23052,769.942029
23053,701.3333333
23054,663.2173913
23055,701.3333333
23056,586.9855072
23057,693.7101449
23058,754.6956522
23059,655.5942029
23060,930.0289855
23061,762.3188406
23062,952.8985507
23063,922.4057971
23064,754.6956522
23065,586.9855072
23066,503.1304348
23067,381.1594203
23068,388.7826087
23069,388.7826087
23070,358.2898551
23071,327.7971014
23072,510.7536232
23073,586.9855072
23074,586.9855072
23075,503.1304348
23076,586.9855072
23077,640.3478261
23078,465.0144928
23079,480.2608696
23080,564.115942
23081,472.6376812
23082,609.8550725
23083,754.6956522
23084,678.4637681
23085,823.3043478
23086,876.6666667
23087,769.942029
23088,785.1884058
23089,609.8550725
23090,594.6086957
23091,510.7536232
23092,335.4202899
23093,327.7971014
23094,518.3768116
23095,396.4057971
23096,609.8550725
23097,960.5217391
23098,1395.043478
23099,1539.884058
23100,1806.695652
23101,1425.536232
23102,1501.768116
23103,1494.144928
23104,1608.492754
23105,1486.521739
23106,1539.884058
23107,1486.521739
23108,1555.130435
23109,1387.42029
23110,1395.043478
23111,1273.072464
23112,1044.376812
23113,937.6521739
23114,670.8405797
23115,686.0869565
23116,419.2753623
23117,381.1594203
23118,579.3623188
23119,602.2318841
23120,579.3623188
23121,792.8115942
23122,937.6521739
23123,1234.956522
23124,1410.289855
23125,1090.115942
23126,1349.304348
23127,1433.15942
23128,1204.463768
23129,1265.449275
23130,1067.246377
23131,1250.202899
23132,1585.623188
23133,1196.84058
23134,1265.449275
23135,1143.478261
23136,937.6521739
23137,777.5652174
23138,693.7101449
23139,663.2173913
23140,449.7681159
23141,434.5217391
23142,373.5362319
23143,510.7536232
23144,602.2318841
23145,930.0289855
23146,1112.985507
23147,1341.681159
23148,1242.57971
23149,1128.231884
23150,1257.826087
23151,1463.652174
23152,1295.942029
23153,1196.84058
23154,1135.855072
23155,1151.101449
23156,1387.42029
23157,1250.202899
23158,1128.231884
23159,1173.971014
23160,914.7826087
23161,1013.884058
23162,777.5652174
23163,655.5942029
23164,564.115942
23165,419.2753623
23166,655.5942029
23167,487.884058
23168,747.0724638
23169,800.4347826
23170,899.5362319
23171,1227.333333
23172,1334.057971
23173,1250.202899
23174,1219.710145
23175,1311.188406
23176,1204.463768
23177,1006.26087
23178,1219.710145
23179,1341.681159
23180,1181.594203
23181,983.3913043
23182,1234.956522
23183,1112.985507
23184,937.6521739
23185,823.3043478
23186,754.6956522
23187,548.8695652
23188,518.3768116
23189,396.4057971
23190,411.6521739
23191,426.8985507
23192,533.6231884
23193,891.9130435
23194,1288.318841
23195,1334.057971
23196,1181.594203
23197,1090.115942
23198,1379.797101
23199,1135.855072
23200,1021.507246
23201,1120.608696
23202,1280.695652
23203,1402.666667
23204,1212.086957
23205,975.7681159
23206,998.6376812
23207,930.0289855
23208,1044.376812
23209,930.0289855
23210,762.3188406
23211,625.1014493
23212,419.2753623
23213,304.9275362
23214,327.7971014
23215,472.6376812
23216,449.7681159
23217,541.2463768
23218,678.4637681
23219,571.7391304
23220,533.6231884
23221,548.8695652
23222,518.3768116
23223,602.2318841
23224,434.5217391
23225,602.2318841
23226,609.8550725
23227,716.5797101
23228,731.826087
23229,739.4492754
23230,632.7246377
23231,678.4637681
23232,617.4782609
23233,594.6086957
23234,701.3333333
23235,396.4057971
23236,419.2753623
23237,335.4202899
23238,312.5507246
23239,289.6811594
23240,388.7826087
23241,449.7681159
23242,396.4057971
23243,526
23244,457.3913043
23245,594.6086957
23246,480.2608696
23247,442.1449275
23248,480.2608696
23249,564.115942
23250,602.2318841
23251,640.3478261
23252,701.3333333
23253,739.4492754
23254,808.057971
23255,922.4057971
23256,800.4347826
23257,701.3333333
23258,495.5072464
23259,449.7681159
23260,388.7826087
23261,304.9275362
23262,365.9130435
23263,472.6376812
23264,655.5942029
23265,526
23266,693.7101449
23267,678.4637681
23268,968.1449275
23269,876.6666667
23270,785.1884058
23271,1013.884058
23272,899.5362319
23273,876.6666667
23274,1105.362319
23275,1372.173913
23276,1288.318841
23277,1776.202899
23278,1616.115942
23279,1318.811594
23280,1097.73913
23281,945.2753623
23282,670.8405797
23283,640.3478261
23284,541.2463768
23285,335.4202899
23286,510.7536232
23287,556.4927536
23288,602.2318841
23289,731.826087
23290,891.9130435
23291,1303.565217
23292,1303.565217
23293,1082.492754
23294,1356.927536
23295,1234.956522
23296,1372.173913
23297,1234.956522
23298,1227.333333
23299,1364.550725
23300,1181.594203
23301,1189.217391
23302,1326.434783
23303,1349.304348
23304,800.4347826
23305,891.9130435
23306,777.5652174
23307,769.942029
23308,556.4927536
23309,465.0144928
23310,472.6376812
23311,647.9710145
23312,602.2318841
23313,876.6666667
23314,1082.492754
23315,1433.15942
23316,1158.724638
23317,1349.304348
23318,1417.913043
23319,1356.927536
23320,1242.57971
23321,1295.942029
23322,1311.188406
23323,1699.971014
23324,1600.869565
23325,1379.797101
23326,1250.202899
23327,1242.57971
23328,1212.086957
23329,991.0144928
23330,914.7826087
23331,640.3478261
23332,548.8695652
23333,472.6376812
23334,571.7391304
23335,922.4057971
23336,907.1594203
23337,1059.623188
23338,1135.855072
23339,1501.768116
23340,1456.028986
23341,1494.144928
23342,1273.072464
23343,1387.42029
23344,1173.971014
23345,1067.246377
23346,1120.608696
23347,1219.710145
23348,1356.927536
23349,1158.724638
23350,1105.362319
23351,1303.565217
23352,769.942029
23353,808.057971
23354,678.4637681
23355,526
23356,503.1304348
23357,411.6521739
23358,480.2608696
23359,632.7246377
23360,686.0869565
23361,777.5652174
23362,922.4057971
23363,1090.115942
23364,1097.73913
23365,1052
23366,1181.594203
23367,1181.594203
23368,1120.608696
23369,1036.753623
23370,937.6521739
23371,1120.608696
23372,1158.724638
23373,1135.855072
23374,1547.507246
23375,1448.405797
23376,1295.942029
23377,815.6811594
23378,754.6956522
23379,541.2463768
23380,762.3188406
23381,808.057971
23382,792.8115942
23383,449.7681159
23384,594.6086957
23385,586.9855072
23386,762.3188406
23387,762.3188406
23388,869.0434783
23389,785.1884058
23390,777.5652174
23391,655.5942029
23392,701.3333333
23393,472.6376812
23394,724.2028986
23395,876.6666667
23396,899.5362319
23397,693.7101449
23398,808.057971
23399,808.057971
